Time_s,Gate_V,Inductor_Current_A,Output_Voltage_V,Switching_Node_V,Diode_Current_A,Load_Current_A
0.0,5.0,0.005,0.0,0.0,0.0,0.0
1e-07,5.0,0.01,0.0,0.0,0.0,0.0
2e-07,5.0,0.015,0.0,0.0,0.0,0.0
3e-07,5.0,0.02,0.0,0.0,0.0,0.0
4e-07,5.0,0.025,0.0,0.0,0.0,0.0
5e-07,5.0,0.03,0.0,0.0,0.0,0.0
6e-07,5.0,0.035,0.0,0.0,0.0,0.0
7e-07,5.0,0.04,0.0,0.0,0.0,0.0
8e-07,5.0,0.045,0.0,0.0,0.0,0.0
9e-07,5.0,0.0499999999999999,0.0,0.0,0.0,0.0
1e-06,5.0,0.0549999999999999,0.0,0.0,0.0,0.0
1.1e-06,5.0,0.0599999999999999,0.0,0.0,0.0,0.0
1.2e-06,5.0,0.0649999999999999,0.0,0.0,0.0,0.0
1.2999999999999998e-06,5.0,0.0699999999999999,0.0,0.0,0.0,0.0
1.4e-06,5.0,0.075,0.0,0.0,0.0,0.0
1.5e-06,5.0,0.08,0.0,0.0,0.0,0.0
1.6e-06,5.0,0.085,0.0,0.0,0.0,0.0
1.6999999999999998e-06,5.0,0.09,0.0,0.0,0.0,0.0
1.8e-06,5.0,0.095,0.0,0.0,0.0,0.0
1.9e-06,5.0,0.1,0.0,0.0,0.0,0.0
2e-06,5.0,0.105,0.0,0.0,0.0,0.0
2.1e-06,5.0,0.11,0.0,0.0,0.0,0.0
2.2e-06,5.0,0.115,0.0,0.0,0.0,0.0
2.3e-06,5.0,0.12,0.0,0.0,0.0,0.0
2.4e-06,5.0,0.125,0.0,0.0,0.0,0.0
2.5e-06,5.0,0.13,0.0,0.0,0.0,0.0
2.6e-06,5.0,0.135,0.0,0.0,0.0,0.0
2.7e-06,5.0,0.14,0.0,0.0,0.0,0.0
2.8e-06,5.0,0.145,0.0,0.0,0.0,0.0
2.9e-06,5.0,0.15,0.0,0.0,0.0,0.0
3e-06,5.0,0.155,0.0,0.0,0.0,0.0
3.1e-06,5.0,0.16,0.0,0.0,0.0,0.0
3.2e-06,5.0,0.165,0.0,0.0,0.0,0.0
3.3e-06,5.0,0.17,0.0,0.0,0.0,0.0
3.4e-06,5.0,0.175,0.0,0.0,0.0,0.0
3.5e-06,0.0,0.1793,7.954545454545456e-05,0.7,0.175,3.3143939393939403e-06
3.6e-06,0.0,0.1835999204545455,0.0001610439480027,0.7000795454545454,0.1793,6.710164500114786e-06
3.7e-06,0.0,0.1878997594105975,0.0002444954072255,0.7001610439480027,0.1835999204545455,1.018730863439595e-05
3.8e-06,0.0,0.1921995149151902,0.0003298997581809,0.7002444954072254,0.1878997594105975,1.374582325753919e-05
3.9e-06,0.0,0.1964991850154321,0.00041725692595,0.7003298997581809,0.1921995149151902,1.7385705247916703e-05
4e-06,0.0,0.2007987677585061,0.0005065668347273,0.7004172569259499,0.1964991850154321,2.110695144697322e-05
4.1e-06,0.0,0.2050982611916714,0.0005978294078214,0.7005065668347273,0.2007987677585061,2.490955865922813e-05
4.2e-06,0.0,0.2093976633622636,0.0006910445676546,0.7005978294078214,0.2050982611916714,2.8793523652277604e-05
4.3e-06,0.0,0.2136969723176959,0.0007862122357631,0.7006910445676546,0.2093976633622636,3.275884315679676e-05
4.4e-06,0.0,0.2179961861054601,0.000883332332797,0.7007862122357631,0.2136969723176959,3.680551386654181e-05
4.5e-06,0.0,0.2222953027731273,0.0009824047785204,0.700883332332797,0.2179961861054601,4.09335324383523e-05
4.6e-06,0.0,0.2265943203683488,0.0010834294918116,0.7009824047785204,0.2222953027731273,4.514289549215322e-05
4.7e-06,0.0,0.230893236938857,0.0011864063906629,0.7010834294918117,0.2265943203683488,4.943359961095733e-05
4.8e-06,0.0,0.2351920505324663,0.0012913353921808,0.701186406390663,0.230893236938857,5.38056413408673e-05
4.9e-06,0.0,0.2394907591970742,0.0013982164125858,0.7012913353921808,0.2351920505324663,5.825901719107801e-05
5e-06,0.0,0.2437893609806616,0.001507049367213,0.7013982164125858,0.2394907591970742,6.279372363387883e-05
5.1e-06,0.0,0.2480878539312943,0.0016178341705117,0.7015070493672131,0.2437893609806616,6.740975710465587e-05
5.199999999999999e-06,0.0,0.2523862360971238,0.0017305707360454,0.7016178341705117,0.2480878539312943,7.21071140018943e-05
5.3e-06,0.0,0.2566845055263878,0.0018452589764923,0.7017305707360454,0.2523862360971238,7.688579068718071e-05
5.4e-06,0.0,0.2609826602674113,0.0019618988036449,0.7018452589764923,0.2566845055263878,8.174578348520534e-05
5.5e-06,0.0,0.2652806983686077,0.0020804901284103,0.7019618988036449,0.2609826602674113,8.668708868376455e-05
5.6e-06,0.0,0.2695786178784792,0.0022010328608103,0.7020804901284103,0.2652806983686077,9.17097025337631e-05
5.7e-06,0.0,0.2738764168456184,0.0023235269099811,0.7022010328608103,0.2695786178784792,9.681362124921662e-05
5.8e-06,0.0,0.2781740933187084,0.002447972184174,0.7023235269099811,0.2738764168456184,0.0001019988410072
5.899999999999999e-06,0.0,0.2824716453465243,0.0025743685907548,0.7024479721841741,0.2781740933187084,0.0001072653579481
6e-06,0.0,0.2867690709779335,0.0027027160362042,0.7025743685907548,0.2824716453465243,0.0001126131681751
6.1e-06,0.0,0.2910663682618973,0.0028330144261177,0.7027027160362042,0.2867690709779335,0.0001180422677549
6.2e-06,0.0,0.2953635352474711,0.0029652636652059,0.7028330144261177,0.2910663682618973,0.0001235526527169
6.3e-06,0.0,0.2996605699838059,0.0030994636572945,0.702965263665206,0.2953635352474711,0.0001291443190539
6.4e-06,0.0,0.3039574705201486,0.0032356143053239,0.7030994636572945,0.2996605699838059,0.0001348172627218
6.5e-06,0.0,0.3082542349058433,0.00337371551135,0.7032356143053239,0.3039574705201486,0.0001405714796395
6.6e-06,0.0,0.3125508611903319,0.0035137671765437,0.70337371551135,0.3082542349058433,0.0001464069656893
6.699999999999999e-06,0.0,0.3168473474231554,0.0036557692011913,0.7035137671765438,0.3125508611903319,0.0001523237167163
6.799999999999999e-06,0.0,0.3211436916539542,0.0037997214846942,0.7036557692011913,0.3168473474231554,0.0001583217285289
6.9e-06,0.0,0.3254398919324695,0.0039456239255694,0.7037997214846943,0.3211436916539542,0.0001644009968987
7e-06,0.0,0.3297359463085439,0.0040934764214492,0.7039456239255695,0.3254398919324695,0.0001705615175603
7.1e-06,0.0,0.3340318528321225,0.0042432788690815,0.7040934764214493,0.3297359463085439,0.0001768032862117
7.2e-06,0.0,0.3383276095532534,0.0043950311643296,0.7042432788690814,0.3340318528321225,0.0001831262985137
7.299999999999999e-06,0.0,0.3426232145220891,0.0045487332021727,0.7043950311643297,0.3383276095532534,0.0001895305500905
7.399999999999999e-06,0.0,0.3469186657888869,0.0047043848767054,0.7045487332021727,0.3426232145220891,0.0001960160365293
7.499999999999999e-06,0.0,0.3512139614040102,0.0048619860811383,0.7047043848767054,0.3469186657888869,0.0002025827533807
7.6e-06,0.0,0.3555090994179291,0.0050215367077977,0.7048619860811383,0.3512139614040102,0.0002092306961582
7.699999999999999e-06,0.0,0.3598040778812212,0.0051830366481258,0.7050215367077977,0.3555090994179291,0.0002159598603385
7.8e-06,0.0,0.3640988948445731,0.0053464857926807,0.7051830366481258,0.3598040778812212,0.0002227702413616
7.899999999999999e-06,0.0,0.3683935483587804,0.0055118840311367,0.7053464857926807,0.3640988948445731,0.0002296618346306
8e-06,0.0,0.3726880364747493,0.0056792312522841,0.7055118840311367,0.3683935483587804,0.0002366346355118
8.1e-06,0.0,0.376982357243497,0.0058485273440292,0.705679231252284,0.3726880364747493,0.0002436886393345
8.2e-06,0.0,0.381276508716153,0.0060197721933947,0.7058485273440291,0.376982357243497,0.0002508238413914
8.3e-06,0.0,0.3855704889439596,0.0061929656865196,0.7060197721933947,0.381276508716153,0.0002580402369383
8.4e-06,0.0,0.3898642959782731,0.0063681077086591,0.7061929656865196,0.3855704889439596,0.0002653378211941
8.5e-06,0.0,0.3941579278705644,0.0065451981441851,0.7063681077086591,0.3898642959782731,0.000272716589341
8.599999999999999e-06,0.0,0.3984513826724202,0.0067242368765856,0.706545198144185,0.3941579278705644,0.0002801765365244
8.7e-06,0.0,0.4027446584355437,0.0069052237884656,0.7067242368765857,0.3984513826724202,0.0002877176578527
8.8e-06,0.0,0.4070377532117552,0.0070881587615464,0.7069052237884657,0.4027446584355437,0.0002953399483977
8.9e-06,0.0,0.4113306650529937,0.0072730416766661,0.7070881587615464,0.4070377532117552,0.0003030434031944
9e-06,0.0,0.415623392011317,0.0074598724137796,0.707273041676666,0.4113306650529937,0.0003108280172408
9.1e-06,0.0,0.4199159321389032,0.0076486508519587,0.7074598724137796,0.415623392011317,0.0003186937854982
9.2e-06,0.0,0.4242082834880513,0.0078393768693921,0.7076486508519587,0.4199159321389032,0.0003266407028913
9.3e-06,0.0,0.4285004441111819,0.0080320503433854,0.7078393768693921,0.4242082834880513,0.0003346687643077
9.4e-06,0.0,0.4327924120608385,0.0082266711503612,0.7080320503433853,0.4285004441111819,0.0003427779645983
9.5e-06,0.0,0.4370841853896881,0.0084232391658595,0.7082266711503612,0.4327924120608385,0.0003509682985774
9.6e-06,0.0,0.4413757621505222,0.0086217542645373,0.7084232391658595,0.4370841853896881,0.0003592397610223
9.7e-06,0.0,0.4456671403962577,0.0088222163201689,0.7086217542645373,0.4413757621505222,0.0003675923466737
9.8e-06,0.0,0.4499583181799375,0.009024625205646,0.7088222163201688,0.4456671403962577,0.0003760260502352
9.9e-06,0.0,0.4542492935547318,0.0092289807929776,0.709024625205646,0.4499583181799375,0.000384540866374
1e-05,0.0,0.4585400645739388,0.0094352829532905,0.7092289807929777,0.4542492935547318,0.0003931367897204
1.01e-05,5.0,0.4635400645739388,0.0094351042547497,0.0,0.0,0.0003931293439479
1.02e-05,5.0,0.4685400645739389,0.0094349255595934,0.0,0.0,0.0003931218983163
1.03e-05,5.0,0.4735400645739389,0.0094347468678214,0.0,0.0,0.0003931144528258
1.04e-05,5.0,0.4785400645739389,0.0094345681794338,0.0,0.0,0.0003931070074764
1.05e-05,5.0,0.4835400645739389,0.0094343894944304,0.0,0.0,0.0003930995622679
1.06e-05,5.0,0.4885400645739389,0.0094342108128112,0.0,0.0,0.0003930921172004
1.07e-05,5.0,0.4935400645739389,0.0094340321345761,0.0,0.0,0.000393084672274
1.08e-05,5.0,0.4985400645739389,0.0094338534597251,0.0,0.0,0.0003930772274885
1.09e-05,5.0,0.5035400645739389,0.009433674788258,0.0,0.0,0.000393069782844
1.1e-05,5.0,0.5085400645739389,0.0094334961201749,0.0,0.0,0.0003930623383406
1.11e-05,5.0,0.5135400645739389,0.0094333174554757,0.0,0.0,0.0003930548939781
1.12e-05,5.0,0.5185400645739389,0.0094331387941602,0.0,0.0,0.0003930474497566
1.13e-05,5.0,0.5235400645739389,0.0094329601362285,0.0,0.0,0.0003930400056761
1.14e-05,5.0,0.5285400645739389,0.0094327814816805,0.0,0.0,0.0003930325617366
1.15e-05,5.0,0.5335400645739389,0.0094326028305161,0.0,0.0,0.0003930251179381
1.16e-05,5.0,0.5385400645739389,0.0094324241827352,0.0,0.0,0.0003930176742806
1.17e-05,5.0,0.5435400645739389,0.0094322455383378,0.0,0.0,0.000393010230764
1.18e-05,5.0,0.5485400645739389,0.0094320668973238,0.0,0.0,0.0003930027873884
1.19e-05,5.0,0.5535400645739389,0.0094318882596932,0.0,0.0,0.0003929953441538
1.2e-05,5.0,0.5585400645739389,0.0094317096254458,0.0,0.0,0.0003929879010602
1.21e-05,5.0,0.5635400645739389,0.0094315309945817,0.0,0.0,0.0003929804581075
1.22e-05,5.0,0.5685400645739389,0.0094313523671007,0.0,0.0,0.0003929730152958
1.23e-05,5.0,0.5735400645739389,0.0094311737430029,0.0,0.0,0.0003929655726251
1.24e-05,5.0,0.5785400645739389,0.009430995122288,0.0,0.0,0.0003929581300953
1.25e-05,5.0,0.5835400645739389,0.0094308165049562,0.0,0.0,0.0003929506877065
1.26e-05,5.0,0.5885400645739389,0.0094306378910072,0.0,0.0,0.0003929432454586
1.27e-05,5.0,0.5935400645739389,0.0094304592804411,0.0,0.0,0.0003929358033517
1.28e-05,5.0,0.5985400645739389,0.0094302806732578,0.0,0.0,0.0003929283613857
1.29e-05,5.0,0.6035400645739389,0.0094301020694571,0.0,0.0,0.0003929209195607
1.3e-05,5.0,0.6085400645739389,0.0094299234690392,0.0,0.0,0.0003929134778766
1.31e-05,5.0,0.613540064573939,0.0094297448720038,0.0,0.0,0.0003929060363334
1.32e-05,5.0,0.618540064573939,0.0094295662783509,0.0,0.0,0.0003928985949312
1.33e-05,5.0,0.623540064573939,0.0094293876880805,0.0,0.0,0.00039289115367
1.34e-05,5.0,0.628540064573939,0.0094292091011924,0.0,0.0,0.0003928837125496
1.35e-05,5.0,0.633540064573939,0.0094290305176867,0.0,0.0,0.0003928762715702
1.36e-05,0.0,0.6378306355434212,0.0097168246941878,0.7094290305176867,0.633540064573939,0.0004048676955911
1.37e-05,0.0,0.642120918718727,0.0100065636795732,0.7097168246941878,0.6378306355434212,0.0004169401533155
1.38e-05,0.0,0.6464109121550474,0.0102982473061938,0.7100065636795732,0.642120918718727,0.000429093637758
1.39e-05,0.0,0.6507006139077413,0.0105918754055199,0.7102982473061938,0.6464109121550474,0.0004413281418966
1.4e-05,0.0,0.6549900220323357,0.0108874478081407,0.7105918754055198,0.6507006139077413,0.0004536436586725
1.41e-05,0.0,0.6592791345845276,0.0111849643437651,0.7108874478081407,0.6549900220323357,0.0004660401809902
1.42e-05,0.0,0.6635679496201838,0.0114844248412212,0.7111849643437651,0.6592791345845276,0.0004785177017175
1.43e-05,0.0,0.6678564651953426,0.0117858291284569,0.7114844248412212,0.6635679496201838,0.0004910762136857
1.44e-05,0.0,0.6721446793662141,0.0120891770325395,0.7117858291284569,0.6678564651953426,0.0005037157096891
1.45e-05,0.0,0.6764325901891816,0.0123944683796561,0.7120891770325395,0.6721446793662141,0.0005164361824856
1.46e-05,0.0,0.6807201957208019,0.0127017029951137,0.7123944683796561,0.6764325901891816,0.0005292376247964
1.47e-05,0.0,0.6850074940178068,0.0130108807033391,0.7127017029951137,0.6807201957208019,0.0005421200293057
1.48e-05,0.0,0.6892944831371035,0.0133220013278794,0.7130108807033392,0.6850074940178068,0.0005550833886616
1.49e-05,0.0,0.6935811611357756,0.0136350646914014,0.7133220013278794,0.6892944831371035,0.000568127695475
1.5e-05,0.0,0.6978675260710843,0.0139500706156924,0.7136350646914014,0.6935811611357756,0.0005812529423205
1.51e-05,0.0,0.7021535760004686,0.01426701892166,0.7139500706156924,0.6978675260710843,0.0005944591217358
1.52e-05,0.0,0.7064393089815469,0.0145859094293322,0.71426701892166,0.7021535760004686,0.0006077462262221
1.53e-05,0.0,0.7107247230721176,0.0149067419578573,0.7145859094293322,0.7064393089815469,0.000621114248244
1.5399999999999998e-05,0.0,0.7150098163301598,0.0152295163255046,0.7149067419578573,0.7107247230721176,0.0006345631802293
1.55e-05,0.0,0.7192945868138343,0.0155542323496636,0.7152295163255046,0.7150098163301598,0.0006480930145693
1.56e-05,0.0,0.7235790325814846,0.0158808898468451,0.7155542323496636,0.7192945868138343,0.0006617037436185
1.57e-05,0.0,0.7278631516916377,0.0162094886326805,0.7158808898468451,0.7235790325814846,0.000675395359695
1.5799999999999998e-05,0.0,0.732146942203005,0.0165400285219223,0.7162094886326805,0.7278631516916377,0.00068916785508
1.59e-05,0.0,0.7364304021744831,0.0168725093284441,0.7165400285219223,0.732146942203005,0.0007030212220185
1.6e-05,0.0,0.7407135296651546,0.0172069308652406,0.716872509328444,0.7364304021744831,0.0007169554527183
1.61e-05,0.0,0.7449963227342893,0.0175432929444281,0.7172069308652407,0.7407135296651546,0.0007309705393511
1.62e-05,0.0,0.7492787794413449,0.017881595377244,0.7175432929444281,0.7449963227342893,0.0007450664740518
1.63e-05,0.0,0.7535608978459677,0.0182218379740473,0.717881595377244,0.7492787794413449,0.0007592432489186
1.64e-05,0.0,0.7578426760079936,0.0185640205443187,0.7182218379740473,0.7535608978459677,0.0007735008560132
1.6499999999999998e-05,0.0,0.7621241119874492,0.0189081428966605,0.7185640205443187,0.7578426760079936,0.0007878392873608
1.66e-05,0.0,0.7664052038445526,0.0192542048387969,0.7189081428966605,0.7621241119874492,0.0008022585349498
1.67e-05,0.0,0.7706859496397138,0.019602206177574,0.7192542048387969,0.7664052038445526,0.0008167585907322
1.68e-05,0.0,0.7749663474335362,0.0199521467189599,0.719602206177574,0.7706859496397138,0.0008313394466233
1.69e-05,0.0,0.7792463952868173,0.0203040262680449,0.7199521467189599,0.7749663474335362,0.0008460010945018
1.7e-05,0.0,0.7835260912605492,0.0206578446290414,0.7203040262680449,0.7792463952868173,0.00086074352621
1.71e-05,0.0,0.7878054334159201,0.0210136016052843,0.7206578446290414,0.7835260912605492,0.0008755667335535
1.7199999999999998e-05,0.0,0.7920844198143149,0.0213712969992308,0.7210136016052843,0.7878054334159201,0.0008904707083012
1.73e-05,0.0,0.7963630485173157,0.0217309306124608,0.7213712969992307,0.7920844198143149,0.0009054554421858
1.74e-05,0.0,0.8006413175867032,0.0220925022456768,0.7217309306124609,0.7963630485173157,0.0009205209269032
1.75e-05,0.0,0.8049192250844576,0.0224560116987039,0.7220925022456768,0.8006413175867032,0.0009356671541126
1.76e-05,0.0,0.8091967690727588,0.0228214587704905,0.722456011698704,0.8049192250844576,0.0009508941154371
1.77e-05,0.0,0.8134739476139884,0.0231888432591074,0.7228214587704904,0.8091967690727588,0.0009662018024628
1.78e-05,0.0,0.8177507587707293,0.023558164961749,0.7231888432591075,0.8134739476139884,0.0009815902067395
1.7899999999999998e-05,0.0,0.8220272006057676,0.0239294236747327,0.7235581649617491,0.8177507587707293,0.0009970593197805
1.8e-05,0.0,0.8263032711820929,0.024302619193499,0.7239294236747327,0.8220272006057676,0.0010126091330624
1.81e-05,0.0,0.8305789685628994,0.0246777513126122,0.724302619193499,0.8263032711820929,0.0010282396380255
1.82e-05,0.0,0.8348542908115868,0.0250548198257599,0.7246777513126123,0.8305789685628994,0.0010439508260733
1.83e-05,0.0,0.839129235991761,0.0254338245257533,0.7250548198257599,0.8348542908115868,0.001059742688573
1.84e-05,0.0,0.8434038021672353,0.0258147652045275,0.7254338245257533,0.839129235991761,0.0010756152168553
1.85e-05,0.0,0.8476779874020308,0.0261976416531413,0.7258147652045275,0.8434038021672353,0.0010915684022142
1.86e-05,0.0,0.8519517897603777,0.0265824536617776,0.7261976416531413,0.8476779874020308,0.0011076022359074
1.87e-05,0.0,0.8562252073067159,0.0269692010197432,0.7265824536617775,0.8519517897603777,0.0011237167091559
1.88e-05,0.0,0.8604982381056961,0.0273578835154694,0.7269692010197433,0.8562252073067159,0.0011399118131445
1.89e-05,0.0,0.8647708802221806,0.0277485009365115,0.7273578835154694,0.8604982381056961,0.0011561875390213
1.9e-05,0.0,0.8690431317212441,0.0281410530695493,0.7277485009365114,0.8647708802221806,0.0011725438778978
1.91e-05,0.0,0.8733149906681746,0.0285355397003872,0.7281410530695492,0.8690431317212441,0.0011889808208494
1.92e-05,0.0,0.8775864551284742,0.0289319606139541,0.7285355397003872,0.8733149906681746,0.0012054983589147
1.93e-05,0.0,0.8818575231678603,0.0293303155943039,0.7289319606139542,0.8775864551284742,0.0012220964830959
1.94e-05,0.0,0.886128192852266,0.0297306044246152,0.729330315594304,0.8818575231678603,0.0012387751843589
1.95e-05,0.0,0.8903984622478414,0.0301328268871915,0.7297306044246152,0.886128192852266,0.0012555344536329
1.96e-05,0.0,0.8946683294209542,0.0305369827634616,0.7301328268871915,0.8903984622478414,0.0012723742818109
1.97e-05,0.0,0.8989377924381907,0.0309430718339794,0.7305369827634616,0.8946683294209542,0.0012892946597491
1.98e-05,0.0,0.9032068493663568,0.0313510938784241,0.7309430718339794,0.8989377924381907,0.0013062955782676
1.99e-05,0.0,0.9074754982724784,0.0317610486756005,0.7313510938784241,0.9032068493663568,0.00132337702815
2e-05,0.0,0.9117437372238028,0.0321729360034389,0.7317610486756005,0.9074754982724784,0.0013405390001432
2.01e-05,5.0,0.9167437372238028,0.0321723266675297,0.0,0.0,0.001340513611147
2.02e-05,5.0,0.9217437372238028,0.032171717343161,0.0,0.0,0.0013404882226317
2.03e-05,5.0,0.9267437372238028,0.0321711080303325,0.0,0.0,0.0013404628345971
2.04e-05,5.0,0.9317437372238028,0.0321704987290441,0.0,0.0,0.0013404374470435
2.05e-05,5.0,0.9367437372238028,0.0321698894392954,0.0,0.0,0.0013404120599706
2.06e-05,5.0,0.9417437372238028,0.0321692801610864,0.0,0.0,0.0013403866733786
2.07e-05,5.0,0.9467437372238028,0.0321686708944166,0.0,0.0,0.0013403612872673
2.08e-05,5.0,0.9517437372238028,0.0321680616392861,0.0,0.0,0.0013403359016369
2.09e-05,5.0,0.9567437372238028,0.0321674523956944,0.0,0.0,0.0013403105164872
2.1e-05,5.0,0.9617437372238028,0.0321668431636415,0.0,0.0,0.0013402851318183
2.11e-05,5.0,0.9667437372238028,0.032166233943127,0.0,0.0,0.0013402597476302
2.12e-05,5.0,0.9717437372238028,0.0321656247341508,0.0,0.0,0.0013402343639229
2.13e-05,5.0,0.9767437372238028,0.0321650155367127,0.0,0.0,0.0013402089806963
2.14e-05,5.0,0.9817437372238028,0.0321644063508123,0.0,0.0,0.0013401835979505
2.15e-05,5.0,0.9867437372238028,0.0321637971764496,0.0,0.0,0.0013401582156854
2.16e-05,5.0,0.9917437372238028,0.0321631880136243,0.0,0.0,0.001340132833901
2.17e-05,5.0,0.9967437372238028,0.0321625788623362,0.0,0.0,0.0013401074525973
2.18e-05,5.0,1.0017437372238027,0.032161969722585,0.0,0.0,0.0013400820717743
2.19e-05,5.0,1.0067437372238026,0.0321613605943706,0.0,0.0,0.0013400566914321
2.2e-05,5.0,1.0117437372238025,0.0321607514776926,0.0,0.0,0.0013400313115705
2.21e-05,5.0,1.0167437372238024,0.032160142372551,0.0,0.0,0.0013400059321896
2.22e-05,5.0,1.0217437372238023,0.0321595332789455,0.0,0.0,0.0013399805532893
2.23e-05,5.0,1.0267437372238022,0.0321589241968758,0.0,0.0,0.0013399551748698
2.24e-05,5.0,1.031743737223802,0.0321583151263418,0.0,0.0,0.0013399297969309
2.25e-05,5.0,1.036743737223802,0.0321577060673432,0.0,0.0,0.0013399044194726
2.26e-05,5.0,1.041743737223802,0.0321570970198798,0.0,0.0,0.0013398790424949
2.27e-05,5.0,1.0467437372238018,0.0321564879839514,0.0,0.0,0.0013398536659979
2.28e-05,5.0,1.0517437372238017,0.0321558789595577,0.0,0.0,0.0013398282899815
2.29e-05,5.0,1.0567437372238015,0.0321552699466986,0.0,0.0,0.0013398029144457
2.3e-05,5.0,1.0617437372238014,0.0321546609453739,0.0,0.0,0.0013397775393905
2.31e-05,5.0,1.0667437372238011,0.0321540519555833,0.0,0.0,0.0013397521648159
2.32e-05,5.0,1.0717437372238012,0.0321534429773265,0.0,0.0,0.0013397267907219
2.33e-05,5.0,1.0767437372238011,0.0321528340106035,0.0,0.0,0.0013397014171084
2.34e-05,5.0,1.081743737223801,0.0321522250554139,0.0,0.0,0.0013396760439755
2.35e-05,5.0,1.086743737223801,0.0321516161117575,0.0,0.0,0.0013396506713232
2.36e-05,0.0,1.0910115856076892,0.032644981605645,0.7321516161117575,1.086743737223801,0.0013602075669018
2.37e-05,0.0,1.0952789406260834,0.0331402776865727,0.7326449816056451,1.0910115856076892,0.0013808449036071
2.38e-05,0.0,1.0995458003483969,0.0336375040937192,0.7331402776865726,1.0952789406260834,0.0014015626705716
2.39e-05,0.0,1.1038121628443032,0.034136660565391,0.7336375040937192,1.0995458003483969,0.0014223608568912
2.4e-05,0.0,1.1080780261837375,0.0346377468390216,0.734136660565391,1.1038121628443032,0.0014432394516259
2.41e-05,0.0,1.1123433884368987,0.0351407626511726,0.7346377468390216,1.1080780261837375,0.0014641984437988
2.42e-05,0.0,1.1166082476742476,0.0356457077375331,0.7351407626511726,1.1123433884368987,0.0014852378223972
2.43e-05,0.0,1.12087260196651,0.0361525818329203,0.7356457077375331,1.1166082476742476,0.0015063575763716
2.44e-05,0.0,1.1251364493846772,0.0366613846712794,0.7361525818329203,1.12087260196651,0.0015275576946366
2.45e-05,0.0,1.129399788000006,0.037172115985684,0.7366613846712794,1.1251364493846772,0.0015488381660701
2.46e-05,0.0,1.1336626158840202,0.0376847755083358,0.737172115985684,1.129399788000006,0.0015701989795139
2.47e-05,0.0,1.1379249311085118,0.0381993629705651,0.7376847755083358,1.1336626158840202,0.0015916401237735
2.48e-05,0.0,1.1421867317455412,0.0387158781028309,0.7381993629705651,1.1379249311085118,0.0016131615876179
2.49e-05,0.0,1.1464480158674384,0.0392343206347209,0.7387158781028309,1.1421867317455412,0.00163476335978
2.5e-05,0.0,1.1507087815468036,0.0397546902949516,0.7392343206347208,1.1464480158674384,0.0016564454289563
2.51e-05,0.0,1.1549690268565087,0.0402769868113688,0.7397546902949517,1.1507087815468036,0.001678207783807
2.52e-05,0.0,1.1592287498696974,0.0408012099109473,0.7402769868113688,1.1549690268565087,0.0017000504129561
2.53e-05,0.0,1.1634879486597864,0.0413273593197913,0.7408012099109473,1.1592287498696974,0.0017219733049913
2.54e-05,0.0,1.1677466213004666,0.0418554347631344,0.7413273593197913,1.1634879486597864,0.0017439764484639
2.55e-05,0.0,1.1720047658657031,0.0423854359653398,0.7418554347631344,1.1677466213004666,0.0017660598318891
2.56e-05,0.0,1.176262380429738,0.0429173626499007,0.7423854359653398,1.1720047658657031,0.0017882234437458
2.57e-05,0.0,1.180519463067088,0.0434512145394398,0.7429173626499007,1.176262380429738,0.0018104672724766
2.58e-05,0.0,1.1847760118525488,0.04398699135571,0.7434512145394397,1.180519463067088,0.0018327913064879
2.59e-05,0.0,1.189032024861193,0.0445246928195946,0.74398699135571,1.1847760118525488,0.0018551955341497
2.6e-05,0.0,1.1932875001683734,0.0450643186511069,0.7445246928195945,1.189032024861193,0.0018776799437961
2.61e-05,0.0,1.1975424358497222,0.0456058685693908,0.7450643186511069,1.1932875001683734,0.0019002445237246
2.62e-05,0.0,1.2017968299811528,0.0461493422927208,0.7456058685693908,1.1975424358497222,0.0019228892621967
2.63e-05,0.0,1.20605068063886,0.0466947395385021,0.7461493422927208,1.2017968299811528,0.0019456141474375
2.64e-05,0.0,1.2103039858993214,0.047242060023271,0.7466947395385022,1.20605068063886,0.0019684191676362
2.65e-05,0.0,1.214556743839298,0.0477913034626944,0.747242060023271,1.2103039858993214,0.0019913043109456
2.66e-05,0.0,1.2188089525358354,0.048342469571571,0.7477913034626944,1.214556743839298,0.0020142695654821
2.67e-05,0.0,1.2230606100662638,0.0488955580638302,0.748342469571571,1.2188089525358354,0.0020373149193262
2.68e-05,0.0,1.2273117145082,0.0494505686525334,0.7488955580638302,1.2230606100662638,0.0020604403605222
2.69e-05,0.0,1.2315622639395474,0.0500075010498732,0.7494505686525333,1.2273117145082,0.002083645877078
2.7e-05,0.0,1.2358122564384977,0.0505663549671744,0.7500075010498732,1.2315622639395474,0.0021069314569655
2.71e-05,0.0,1.2400616900835302,0.0511271301148932,0.7505663549671744,1.2358122564384977,0.0021302970881205
2.72e-05,0.0,1.2443105629534152,0.0516898262026184,0.7511271301148932,1.2400616900835302,0.0021537427584424
2.73e-05,0.0,1.2485588731272126,0.0522544429390707,0.7516898262026184,1.2443105629534152,0.0021772684557946
2.74e-05,0.0,1.2528066186842737,0.0528209800321031,0.7522544429390706,1.2485588731272126,0.0022008741680042
2.75e-05,0.0,1.2570537977042413,0.0533894371887014,0.7528209800321032,1.2528066186842737,0.0022245598828625
2.76e-05,0.0,1.2613004082670527,0.0539598141149839,0.7533894371887014,1.2570537977042413,0.0022483255881243
2.77e-05,0.0,1.2655464484529375,0.0545321105162016,0.7539598141149839,1.2613004082670527,0.0022721712715084
2.78e-05,0.0,1.2697919163424216,0.0551063260967386,0.7545321105162016,1.2655464484529375,0.0022960969206974
2.79e-05,0.0,1.2740368100163248,0.0556824605601121,0.7551063260967386,1.2697919163424216,0.002320102523338
2.8e-05,0.0,1.2782811275557648,0.0562605136089725,0.7556824605601121,1.2740368100163248,0.0023441880670405
2.81e-05,0.0,1.2825248670421558,0.0568404849451038,0.7562605136089725,1.2782811275557648,0.0023683535393793
2.82e-05,0.0,1.2867680265572108,0.0574223742694232,0.7568404849451038,1.2825248670421558,0.0023925989278926
2.83e-05,0.0,1.2910106041829414,0.058006181281982,0.7574223742694233,1.2867680265572108,0.0024169242200825
2.84e-05,0.0,1.2952525980016594,0.0585919056819651,0.758006181281982,1.2910106041829414,0.0024413294034152
2.85e-05,0.0,1.2994940060959774,0.0591795471676916,0.7585919056819651,1.2952525980016594,0.0024658144653204
2.86e-05,0.0,1.3037348265488098,0.0597691054366146,0.7591795471676916,1.2994940060959774,0.0024903793931922
2.87e-05,0.0,1.3079750574433733,0.0603605801853217,0.7597691054366146,1.3037348265488098,0.0025150241743884
2.88e-05,0.0,1.312214696863188,0.0609539711095349,0.7603605801853217,1.3079750574433733,0.0025397487962306
2.89e-05,0.0,1.3164537428920784,0.0615492779041108,0.7609539711095349,1.312214696863188,0.0025645532460046
2.9e-05,0.0,1.3206921936141742,0.0621465002630408,0.7615492779041108,1.3164537428920784,0.00258943751096
2.91e-05,0.0,1.3249300471139112,0.0627456378794514,0.7621465002630409,1.3206921936141742,0.0026144015783104
2.92e-05,0.0,1.3291673014760317,0.0633466904456039,0.7627456378794514,1.3249300471139112,0.0026394454352334
2.93e-05,0.0,1.333403954785586,0.0639496576528952,0.7633466904456039,1.3291673014760317,0.0026645690688706
2.94e-05,0.0,1.3376400051279331,0.0645545391918573,0.7639496576528952,1.333403954785586,0.0026897724663273
2.95e-05,0.0,1.3418754505887414,0.0651613347521581,0.7645545391918573,1.3376400051279331,0.0027150556146732
2.96e-05,0.0,1.3461102892539891,0.0657700440226008,0.7651613347521581,1.3418754505887414,0.0027404185009417
2.97e-05,0.0,1.3503445192099666,0.066380666691125,0.7657700440226008,1.3461102892539891,0.0027658611121302
2.98e-05,0.0,1.3545781385432754,0.0669932024448058,0.7663806666911249,1.3503445192099666,0.0027913834352002
2.99e-05,0.0,1.3588111453408305,0.0676076509698549,0.7669932024448058,1.3545781385432754,0.0028169854570772
3e-05,0.0,1.3630435376898606,0.0682240119516203,0.767607650969855,1.3588111453408305,0.0028426671646508
3.01e-05,5.0,1.3680435376898603,0.0682227198301818,0.0,0.0,0.0028426133262575
3.02e-05,5.0,1.3730435376898604,0.0682214277332153,0.0,0.0,0.0028425594888839
3.03e-05,5.0,1.3780435376898603,0.0682201356607204,0.0,0.0,0.00284250565253
3.04e-05,5.0,1.3830435376898602,0.0682188436126965,0.0,0.0,0.0028424518171956
3.05e-05,5.0,1.38804353768986,0.0682175515891432,0.0,0.0,0.0028423979828809
3.06e-05,5.0,1.39304353768986,0.0682162595900601,0.0,0.0,0.0028423441495858
3.07e-05,5.0,1.39804353768986,0.0682149676154466,0.0,0.0,0.0028422903173102
3.08e-05,5.0,1.4030435376898598,0.0682136756653024,0.0,0.0,0.0028422364860542
3.09e-05,5.0,1.4080435376898597,0.0682123837396269,0.0,0.0,0.0028421826558177
3.1e-05,5.0,1.4130435376898596,0.0682110918384197,0.0,0.0,0.0028421288266008
3.11e-05,5.0,1.4180435376898597,0.0682097999616804,0.0,0.0,0.0028420749984033
3.12e-05,5.0,1.4230435376898594,0.0682085081094084,0.0,0.0,0.0028420211712253
3.13e-05,5.0,1.4280435376898593,0.0682072162816033,0.0,0.0,0.0028419673450668
3.14e-05,5.0,1.4330435376898591,0.0682059244782646,0.0,0.0,0.0028419135199276
3.15e-05,5.0,1.438043537689859,0.0682046326993919,0.0,0.0,0.0028418596958079
3.16e-05,5.0,1.443043537689859,0.0682033409449847,0.0,0.0,0.0028418058727076
3.17e-05,5.0,1.4480435376898588,0.0682020492150426,0.0,0.0,0.0028417520506267
3.18e-05,5.0,1.4530435376898587,0.068200757509565,0.0,0.0,0.0028416982295652
3.19e-05,5.0,1.4580435376898586,0.0681994658285516,0.0,0.0,0.0028416444095229
3.2e-05,5.0,1.4630435376898585,0.0681981741720018,0.0,0.0,0.0028415905905
3.21e-05,5.0,1.4680435376898584,0.0681968825399152,0.0,0.0,0.0028415367724964
3.22e-05,5.0,1.4730435376898583,0.0681955909322914,0.0,0.0,0.0028414829555121
3.23e-05,5.0,1.4780435376898582,0.0681942993491298,0.0,0.0,0.002841429139547
3.24e-05,5.0,1.483043537689858,0.06819300779043,0.0,0.0,0.0028413753246012
3.25e-05,5.0,1.488043537689858,0.0681917162561915,0.0,0.0,0.0028413215106746
3.26e-05,5.0,1.493043537689858,0.0681904247464139,0.0,0.0,0.0028412676977672
3.2699999999999995e-05,5.0,1.4980435376898578,0.0681891332610968,0.0,0.0,0.002841213885879
3.28e-05,5.0,1.5030435376898577,0.0681878418002395,0.0,0.0,0.0028411600750099
3.29e-05,5.0,1.5080435376898575,0.0681865503638418,0.0,0.0,0.00284110626516
3.3e-05,5.0,1.5130435376898574,0.0681852589519031,0.0,0.0,0.0028410524563292
3.31e-05,5.0,1.5180435376898571,0.0681839675644229,0.0,0.0,0.0028409986485176
3.32e-05,5.0,1.5230435376898572,0.0681826762014009,0.0,0.0,0.002840944841725
3.33e-05,5.0,1.5280435376898571,0.0681813848628365,0.0,0.0,0.0028408910359515
3.34e-05,5.0,1.533043537689857,0.0681800935487292,0.0,0.0,0.002840837231197
3.35e-05,5.0,1.538043537689857,0.0681788022590787,0.0,0.0,0.0028407834274616
3.36e-05,0.0,1.542275358887598,0.0688766216928343,0.7681788022590786,1.538043537689857,0.0028698592372014
3.37e-05,0.0,1.5465064822659051,0.0695763514654027,0.7688766216928343,1.542275358887598,0.0028990146443917
3.38e-05,0.0,1.5507369059144398,0.0702779912234125,0.7695763514654027,1.5465064822659051,0.0029282496343088
3.39e-05,0.0,1.5549666279232164,0.0709815406126307,0.7702779912234125,1.5507369059144398,0.0029575641921929
3.4e-05,0.0,1.5591956463826038,0.071686999277963,0.7709815406126307,1.5549666279232164,0.0029869583032484
3.4099999999999995e-05,0.0,1.563423959383326,0.0723943668634536,0.7716869992779629,1.5591956463826038,0.0030164319526439
3.42e-05,0.0,1.5676515650164624,0.0731036430122857,0.7723943668634536,1.563423959383326,0.0030459851255119
3.43e-05,0.0,1.5718784613734502,0.0738148273667816,0.7731036430122857,1.5676515650164624,0.0030756178069492
3.44e-05,0.0,1.5761046465460835,0.0745279195684027,0.7738148273667815,1.5718784613734502,0.0031053299820167
3.45e-05,0.0,1.580330118626515,0.07524291925775,0.7745279195684027,1.5761046465460835,0.0031351216357395
3.46e-05,0.0,1.5845548757072574,0.075959826074564,0.77524291925775,1.580330118626515,0.0031649927531068
3.47e-05,0.0,1.588778915881183,0.076678639657725,0.775959826074564,1.5845548757072574,0.0031949433190718
3.48e-05,0.0,1.5930022372415251,0.0773993596452532,0.776678639657725,1.588778915881183,0.0032249733185522
3.49e-05,0.0,1.59722483788188,0.0781219856743091,0.7773993596452532,1.5930022372415251,0.0032550827364295
3.5e-05,0.0,1.6014467158962056,0.0788465173811934,0.7781219856743091,1.59722483788188,0.0032852715575497
3.51e-05,0.0,1.6056678693788244,0.0795729544013474,0.7788465173811935,1.6014467158962056,0.0033155397667228
3.52e-05,0.0,1.609888296424423,0.0803012963693529,0.7795729544013473,1.6056678693788244,0.003345887348723
3.53e-05,0.0,1.6141079951280537,0.0810315429189327,0.7803012963693529,1.609888296424423,0.0033763142882888
3.54e-05,0.0,1.6183269635851347,0.0817636936829508,0.7810315429189327,1.6141079951280537,0.0034068205701229
3.55e-05,0.0,1.6225451998914515,0.0824977482934122,0.7817636936829508,1.6183269635851347,0.0034374061788921
3.56e-05,0.0,1.6267627021431583,0.0832337063814633,0.7824977482934121,1.6225451998914515,0.0034680710992276
3.57e-05,0.0,1.6309794684367769,0.0839715675773924,0.7832337063814634,1.6267627021431583,0.0034988153157246
3.58e-05,0.0,1.6351954968691995,0.0847113315106292,0.7839715675773924,1.6309794684367769,0.0035296388129428
3.59e-05,0.0,1.639410785537689,0.0854529978097457,0.7847113315106292,1.6351954968691995,0.003560541575406
3.6e-05,0.0,1.643625332539879,0.0861965661024559,0.7854529978097458,1.639410785537689,0.0035915235876023
3.61e-05,0.0,1.6478391359737763,0.086942036015616,0.7861965661024558,1.643625332539879,0.003622584833984
3.62e-05,0.0,1.6520521939377608,0.087689407175225,0.786942036015616,1.6478391359737763,0.0036537252989677
3.63e-05,0.0,1.6562645045305855,0.0884386792064244,0.787689407175225,1.6520521939377608,0.0036849449669343
3.64e-05,0.0,1.660476065851379,0.0891898517334988,0.7884386792064244,1.6562645045305855,0.0037162438222291
3.65e-05,0.0,1.6646868759996456,0.0899429243798757,0.7891898517334989,1.660476065851379,0.0037476218491614
3.66e-05,0.0,1.6688969330752657,0.0906978967681259,0.7899429243798757,1.6646868759996456,0.0037790790320052
3.67e-05,0.0,1.6731062351784975,0.0914547685199638,0.790697896768126,1.6688969330752657,0.0038106153549984
3.68e-05,0.0,1.6773147804099775,0.0922135392562472,0.7914547685199638,1.6731062351784975,0.0038422308023436
3.69e-05,0.0,1.6815225668707212,0.0929742085969779,0.7922135392562472,1.6773147804099775,0.0038739253582074
3.7e-05,0.0,1.6857295926621243,0.0937367761613018,0.792974208596978,1.6815225668707212,0.0039056990067209
3.71e-05,0.0,1.689935855885963,0.0945012415675088,0.7937367761613018,1.6857295926621243,0.0039375517319795
3.72e-05,0.0,1.6941413546443955,0.0952676044330333,0.7945012415675088,1.689935855885963,0.003969483518043
3.73e-05,0.0,1.6983460870399625,0.0960358643744544,0.7952676044330333,1.6941413546443955,0.0040014943489356
3.74e-05,0.0,1.702550051175588,0.0968060210074958,0.7960358643744544,1.6983460870399625,0.0040335842086456
3.75e-05,0.0,1.7067532451545806,0.0975780739470262,0.7968060210074958,1.702550051175588,0.004065753081126
3.76e-05,0.0,1.7109556670806336,0.0983520228070596,0.7975780739470262,1.7067532451545806,0.0040980009502941
3.77e-05,0.0,1.7151573150578263,0.0991278672007552,0.7983520228070596,1.7109556670806336,0.0041303278000314
3.78e-05,0.0,1.7193581871906258,0.0999056067404179,0.7991278672007552,1.7151573150578263,0.004162733614184
3.79e-05,0.0,1.7235582815838857,0.1006852410374981,0.7999056067404179,1.7193581871906258,0.0041952183765624
3.8e-05,0.0,1.727757596342848,0.1014667697025923,0.800685241037498,1.7235582815838857,0.0042277820709413
3.81e-05,0.0,1.7319561295731454,0.1022501923454432,0.8014667697025923,1.727757596342848,0.0042604246810601
3.82e-05,0.0,1.7361538793808,0.1030355085749396,0.8022501923454431,1.7319561295731454,0.0042931461906224
3.83e-05,0.0,1.740350843872225,0.1038227179991169,0.8030355085749395,1.7361538793808,0.0043259465832965
3.84e-05,0.0,1.744547021154226,0.1046118202251573,0.8038227179991169,1.740350843872225,0.0043588258427148
3.85e-05,0.0,1.748742409334001,0.1054028148593898,0.8046118202251573,1.744547021154226,0.0043917839524745
3.86e-05,0.0,1.7529370065191416,0.1061957015072905,0.8054028148593898,1.748742409334001,0.0044248208961371
3.87e-05,0.0,1.7571308108176344,0.1069904797734828,0.8061957015072906,1.7529370065191416,0.0044579366572284
3.88e-05,0.0,1.761323820337861,0.1077871492617375,0.8069904797734828,1.7571308108176344,0.004491131219239
3.89e-05,0.0,1.7655160331885993,0.1085857095749733,0.8077871492617376,1.761323820337861,0.0045244045656238
3.9e-05,0.0,1.7697074474790244,0.1093861603152565,0.8085857095749733,1.7655160331885993,0.0045577566798023
3.91e-05,0.0,1.7738980613187092,0.1101885010838016,0.8093861603152565,1.7697074474790244,0.0045911875451584
3.92e-05,0.0,1.7780878728176257,0.1109927314809714,0.8101885010838016,1.7738980613187092,0.0046246971450404
3.93e-05,0.0,1.7822768800861446,0.1117988511062771,0.8109927314809714,1.7780878728176257,0.0046582854627615
3.94e-05,0.0,1.7864650812350382,0.1126068595583786,0.811798851106277,1.7822768800861446,0.0046919524815991
3.95e-05,0.0,1.79065247437548,0.1134167564350847,0.8126068595583786,1.7864650812350382,0.0047256981847951
3.96e-05,0.0,1.794839057619045,0.1142285413333532,0.8134167564350847,1.79065247437548,0.0047595225555563
3.97e-05,0.0,1.7990248290777116,0.1150422138492912,0.8142285413333532,1.794839057619045,0.0047934255770538
3.98e-05,0.0,1.8032097868638624,0.1158577735781551,0.8150422138492912,1.7990248290777116,0.0048274072324231
3.99e-05,0.0,1.8073939290902843,0.1166752201143512,0.8158577735781551,1.8032097868638624,0.0048614675047646
4e-05,0.0,1.81157725387017,0.1174945530514356,0.8166752201143512,1.8073939290902843,0.0048956063771431
4.01e-05,5.0,1.8165772538701697,0.1174923277758096,0.0,0.0,0.0048955136573254
4.02e-05,5.0,1.8215772538701696,0.117490102542329,0.0,0.0,0.0048954209392637
4.03e-05,5.0,1.8265772538701697,0.1174878773509929,0.0,0.0,0.004895328222958
4.04e-05,5.0,1.8315772538701696,0.1174856522018007,0.0,0.0,0.0048952355084083
4.05e-05,5.0,1.8365772538701692,0.1174834270947514,0.0,0.0,0.0048951427956146
4.06e-05,5.0,1.8415772538701691,0.1174812020298443,0.0,0.0,0.0048950500845768
4.07e-05,5.0,1.8465772538701688,0.1174789770070786,0.0,0.0,0.0048949573752949
4.08e-05,5.0,1.8515772538701687,0.1174767520264535,0.0,0.0,0.0048948646677688
4.09e-05,5.0,1.856577253870169,0.1174745270879681,0.0,0.0,0.0048947719619986
4.1e-05,5.0,1.861577253870169,0.1174723021916217,0.0,0.0,0.0048946792579842
4.11e-05,5.0,1.8665772538701688,0.1174700773374136,0.0,0.0,0.0048945865557255
4.12e-05,5.0,1.8715772538701687,0.1174678525253428,0.0,0.0,0.0048944938552226
4.13e-05,5.0,1.8765772538701688,0.1174656277554086,0.0,0.0,0.0048944011564753
4.14e-05,5.0,1.8815772538701685,0.1174634030276102,0.0,0.0,0.0048943084594837
4.15e-05,5.0,1.8865772538701684,0.1174611783419468,0.0,0.0,0.0048942157642477
4.16e-05,5.0,1.8915772538701685,0.1174589536984176,0.0,0.0,0.0048941230707674
4.17e-05,5.0,1.896577253870168,0.1174567290970218,0.0,0.0,0.0048940303790425
4.18e-05,5.0,1.901577253870168,0.1174545045377586,0.0,0.0,0.0048939376890732
4.19e-05,5.0,1.906577253870168,0.1174522800206272,0.0,0.0,0.0048938450008594
4.2e-05,5.0,1.911577253870168,0.1174500555456268,0.0,0.0,0.0048937523144011
4.21e-05,5.0,1.916577253870168,0.1174478311127566,0.0,0.0,0.0048936596296981
4.22e-05,5.0,1.921577253870168,0.1174456067220159,0.0,0.0,0.0048935669467506
4.23e-05,5.0,1.9265772538701675,0.1174433823734037,0.0,0.0,0.0048934742655584
4.24e-05,5.0,1.9315772538701677,0.1174411580669193,0.0,0.0,0.0048933815861216
4.25e-05,5.0,1.9365772538701675,0.117438933802562,0.0,0.0,0.00489328890844
4.26e-05,5.0,1.9415772538701672,0.1174367095803309,0.0,0.0,0.0048931962325137
4.27e-05,5.0,1.9465772538701671,0.1174344854002252,0.0,0.0,0.0048931035583427
4.28e-05,5.0,1.951577253870167,0.1174322612622442,0.0,0.0,0.0048930108859268
4.29e-05,5.0,1.956577253870167,0.1174300371663869,0.0,0.0,0.0048929182152661
4.3e-05,5.0,1.9615772538701668,0.1174278131126527,0.0,0.0,0.0048928255463605
4.31e-05,5.0,1.966577253870167,0.1174255891010407,0.0,0.0,0.00489273287921
4.32e-05,5.0,1.9715772538701664,0.1174233651315502,0.0,0.0,0.0048926402138145
4.33e-05,5.0,1.9765772538701665,0.1174211412041803,0.0,0.0,0.0048925475501741
4.34e-05,5.0,1.9815772538701664,0.1174189173189302,0.0,0.0,0.0048924548882887
4.35e-05,5.0,1.9865772538701665,0.1174166934757992,0.0,0.0,0.0048923622281582
4.36e-05,0.0,1.9907598371766904,0.1183174593356364,0.8174166934757991,1.9865772538701665,0.0049298941389848
4.37e-05,0.0,1.9949415197173548,0.1192201093097445,0.8183174593356364,1.9907598371766904,0.0049675045545726
4.38e-05,0.0,1.999122299608045,0.1201246429530003,0.8192201093097444,1.9949415197173548,0.005005193456375
4.39e-05,0.0,2.003302174965092,0.1210310598194329,0.8201246429530002,1.999122299608045,0.0050429608258097
4.4e-05,0.0,2.0074811439052724,0.1219393594622234,0.8210310598194328,2.003302174965092,0.0050808066442593
4.41e-05,0.0,2.0116592045458104,0.1228495414337057,0.8219393594622234,2.0074811439052724,0.005118730893071
4.42e-05,0.0,2.0158363550043767,0.1237616052853661,0.8228495414337057,2.0116592045458104,0.0051567335535569
4.43e-05,0.0,2.020012593399092,0.1246755505678437,0.823761605285366,2.0158363550043767,0.0051948146069934
4.44e-05,0.0,2.024187917848524,0.125591376830931,0.8246755505678437,2.020012593399092,0.0052329740346221
4.45e-05,0.0,2.028362326471693,0.1265090836235737,0.8255913768309311,2.024187917848524,0.0052712118176489
4.46e-05,0.0,2.032535817388069,0.127428670493871,0.8265090836235738,2.028362326471693,0.0053095279372446
4.47e-05,0.0,2.0367083887175754,0.128350136989076,0.827428670493871,2.032535817388069,0.0053479223745448
4.48e-05,0.0,2.0408800385805863,0.1292734826555955,0.828350136989076,2.0367083887175754,0.0053863951106498
4.49e-05,0.0,2.0450507650979306,0.1301987070389909,0.8292734826555955,2.0408800385805863,0.0054249461266246
4.5e-05,0.0,2.049220566390892,0.1311258096839779,0.8301987070389909,2.0450507650979306,0.005463575403499
4.51e-05,0.0,2.053389440581208,0.1320547901344267,0.8311258096839779,2.049220566390892,0.0055022829222677
4.52e-05,0.0,2.0575573857910734,0.1329856479333626,0.8320547901344267,2.053389440581208,0.0055410686638901
4.53e-05,0.0,2.06172440014314,0.1339183826229658,0.8329856479333626,2.0575573857910734,0.0055799326092902
4.54e-05,0.0,2.065890481760517,0.1348529937445721,0.8339183826229658,2.06172440014314,0.0056188747393571
4.55e-05,0.0,2.0700556287667724,0.1357894808386726,0.8348529937445721,2.065890481760517,0.0056578950349446
4.56e-05,0.0,2.074219839285934,0.1367278434449144,0.8357894808386727,2.0700556287667724,0.0056969934768714
4.57e-05,0.0,2.078383111442489,0.1376680811021003,0.8367278434449144,2.074219839285934,0.0057361700459208
4.58e-05,0.0,2.082545443361387,0.1386101933481897,0.8376680811021003,2.078383111442489,0.0057754247228412
4.59e-05,0.0,2.0867068331680385,0.1395541797202981,0.8386101933481896,2.082545443361387,0.0058147574883457
4.6e-05,0.0,2.090867278988318,0.140500039754698,0.8395541797202981,2.0867068331680385,0.0058541683231124
4.61e-05,0.0,2.0950267789485637,0.1414477729868185,0.840500039754698,2.090867278988318,0.0058936572077841
4.62e-05,0.0,2.0991853311755766,0.1423973789512461,0.8414477729868185,2.0950267789485637,0.0059332241229685
4.63e-05,0.0,2.1033429337966254,0.1433488571817246,0.8423973789512461,2.0991853311755766,0.0059728690492385
4.64e-05,0.0,2.107499584939444,0.1443022072111552,0.8433488571817246,2.1033429337966254,0.0060125919671314
4.65e-05,0.0,2.111655282732233,0.1452574285715971,0.8443022072111552,2.107499584939444,0.0060523928571498
4.66e-05,0.0,2.115810025303661,0.1462145207942676,0.8452574285715971,2.111655282732233,0.0060922716997611
4.67e-05,0.0,2.119963810782867,0.1471734834095421,0.8462145207942676,2.115810025303661,0.0061322284753975
4.68e-05,0.0,2.124116637299457,0.1481343159469546,0.8471734834095421,2.119963810782867,0.0061722631644564
4.69e-05,0.0,2.1282685029835107,0.1490970179351978,0.8481343159469547,2.124116637299457,0.0062123757472999
4.7e-05,0.0,2.1324194059655754,0.1500615889021234,0.8490970179351978,2.1282685029835107,0.0062525662042551
4.71e-05,0.0,2.136569344376673,0.1510280283747422,0.8500615889021234,2.1324194059655754,0.0062928345156142
4.72e-05,0.0,2.1407183163482983,0.1519963358792244,0.8510280283747421,2.136569344376673,0.0063331806616343
4.73e-05,0.0,2.144866320012419,0.1529665109409002,0.8519963358792244,2.1407183163482983,0.0063736046225375
4.74e-05,0.0,2.1490133535014784,0.1539385530842592,0.8529665109409001,2.144866320012419,0.0064141063785108
4.75e-05,0.0,2.153159414948394,0.1549124618329515,0.8539385530842593,2.1490133535014784,0.0064546859097063
4.76e-05,0.0,2.157304502486561,0.1558882367097873,0.8549124618329516,2.153159414948394,0.0064953431962411
4.77e-05,0.0,2.1614486142498515,0.1568658772367374,0.8558882367097873,2.157304502486561,0.0065360782181973
4.78e-05,0.0,2.1655917483726146,0.1578453829349336,0.8568658772367375,2.1614486142498515,0.0065768909556222
4.79e-05,0.0,2.16973390298968,0.1588267533246686,0.8578453829349336,2.1655917483726146,0.0066177813885278
4.8e-05,0.0,2.1738750762363552,0.1598099879253964,0.8588267533246686,2.16973390298968,0.0066587494968915
4.81e-05,0.0,2.17801526624843,0.1607950862557325,0.8598099879253964,2.1738750762363552,0.0066997952606555
4.82e-05,0.0,2.182154471162174,0.1617820478334543,0.8607950862557325,2.17801526624843,0.0067409186597272
4.83e-05,0.0,2.1862926891143406,0.1627708721755008,0.8617820478334542,2.182154471162174,0.0067821196739792
4.84e-05,0.0,2.190429918242165,0.1637615587979737,0.8627708721755007,2.1862926891143406,0.0068233982832489
4.85e-05,0.0,2.1945661566833667,0.1647541072161369,0.8637615587979737,2.190429918242165,0.006864754467339
4.86e-05,0.0,2.1987014025761504,0.1657485169444169,0.8647541072161369,2.1945661566833667,0.0069061882060173
4.87e-05,0.0,2.2028356540592062,0.1667447874964033,0.8657485169444169,2.1987014025761504,0.0069476994790168
4.88e-05,0.0,2.2069689092717097,0.1677429183848489,0.8667447874964033,2.2028356540592062,0.0069892882660353
4.89e-05,0.0,2.211101166353325,0.1687429091216696,0.8677429183848488,2.2069689092717097,0.0070309545467362
4.9e-05,0.0,2.215232423444204,0.1697447592179453,0.8687429091216696,2.211101166353325,0.0070726983007477
4.91e-05,0.0,2.219362678684986,0.1707484681839196,0.8697447592179453,2.215232423444204,0.0071145195076633
4.92e-05,0.0,2.223491930216802,0.1717540355290002,0.8707484681839196,2.219362678684986,0.0071564181470416
4.93e-05,0.0,2.227620176181273,0.1727614607617592,0.8717540355290002,2.223491930216802,0.0071983941984066
4.94e-05,0.0,2.231747414720511,0.1737707433899332,0.8727614607617592,2.227620176181273,0.0072404476412472
4.95e-05,0.0,2.235873643977121,0.1747818829204238,0.8737707433899332,2.231747414720511,0.0072825784550176
4.96e-05,0.0,2.239998862094201,0.1757948788592975,0.8747818829204238,2.235873643977121,0.0073247866191373
4.97e-05,0.0,2.2441230672153414,0.1768097307117861,0.8757948788592975,2.239998862094201,0.007367072112991
4.98e-05,0.0,2.2482462574846296,0.1778264379822872,0.8768097307117861,2.2441230672153414,0.0074094349159286
4.99e-05,0.0,2.2523684310466474,0.1788450001743639,0.8778264379822872,2.2482462574846296,0.0074518750072651
5e-05,0.0,2.256489586046473,0.1798654167907454,0.878845000174364,2.2523684310466474,0.007494392366281
5.01e-05,5.0,2.2614895860464728,0.1798620102487608,0.0,0.0,0.0074942504270317
5.02e-05,5.0,2.2664895860464727,0.1798586037712939,0.0,0.0,0.0074941084904705
5.03e-05,5.0,2.271489586046473,0.1798551973583437,0.0,0.0,0.0074939665565976
5.04e-05,5.0,2.2764895860464724,0.1798517910099089,0.0,0.0,0.0074938246254128
5.05e-05,5.0,2.2814895860464723,0.1798483847259883,0.0,0.0,0.0074936826969161
5.06e-05,5.0,2.286489586046472,0.1798449785065806,0.0,0.0,0.0074935407711075
5.07e-05,5.0,2.291489586046472,0.1798415723516846,0.0,0.0,0.0074933988479868
5.08e-05,5.0,2.296489586046472,0.1798381662612991,0.0,0.0,0.0074932569275541
5.09e-05,5.0,2.301489586046472,0.179834760235423,0.0,0.0,0.0074931150098092
5.1e-05,5.0,2.306489586046472,0.1798313542740549,0.0,0.0,0.0074929730947522
5.11e-05,5.0,2.311489586046472,0.1798279483771936,0.0,0.0,0.007492831182383
5.12e-05,5.0,2.316489586046472,0.1798245425448379,0.0,0.0,0.0074926892727015
5.13e-05,5.0,2.3214895860464715,0.1798211367769867,0.0,0.0,0.0074925473657077
5.14e-05,5.0,2.3264895860464714,0.1798177310736387,0.0,0.0,0.0074924054614016
5.15e-05,5.0,2.3314895860464717,0.1798143254347926,0.0,0.0,0.007492263559783
5.16e-05,5.0,2.336489586046471,0.1798109198604472,0.0,0.0,0.0074921216608519
5.17e-05,5.0,2.341489586046471,0.1798075143506013,0.0,0.0,0.0074919797646083
5.18e-05,5.0,2.346489586046471,0.1798041089052538,0.0,0.0,0.0074918378710522
5.19e-05,5.0,2.351489586046471,0.1798007035244033,0.0,0.0,0.0074916959801834
5.2e-05,5.0,2.3564895860464707,0.1797972982080487,0.0,0.0,0.007491554092002
5.21e-05,5.0,2.36148958604647,0.1797938929561887,0.0,0.0,0.0074914122065078
5.22e-05,5.0,2.3664895860464705,0.1797904877688221,0.0,0.0,0.0074912703237009
5.23e-05,5.0,2.3714895860464704,0.1797870826459477,0.0,0.0,0.0074911284435811
5.24e-05,5.0,2.3764895860464703,0.1797836775875642,0.0,0.0,0.0074909865661485
5.25e-05,5.0,2.38148958604647,0.1797802725936705,0.0,0.0,0.0074908446914029
5.26e-05,5.0,2.38648958604647,0.1797768676642654,0.0,0.0,0.0074907028193443
5.27e-05,5.0,2.39148958604647,0.1797734627993475,0.0,0.0,0.0074905609499728
5.28e-05,5.0,2.39648958604647,0.1797700579989157,0.0,0.0,0.0074904190832881
5.29e-05,5.0,2.40148958604647,0.1797666532629687,0.0,0.0,0.0074902772192903
5.3e-05,5.0,2.4064895860464697,0.1797632485915054,0.0,0.0,0.0074901353579793
5.31e-05,5.0,2.4114895860464696,0.1797598439845245,0.0,0.0,0.0074899934993551
5.32e-05,5.0,2.416489586046469,0.1797564394420248,0.0,0.0,0.0074898516434177
5.33e-05,5.0,2.4214895860464694,0.1797530349640051,0.0,0.0,0.0074897097901668
5.34e-05,5.0,2.426489586046469,0.1797496305504641,0.0,0.0,0.0074895679396026
5.35e-05,5.0,2.431489586046469,0.1797462262014006,0.0,0.0,0.007489426091725
5.36e-05,0.0,2.435609839820268,0.1808480444559255,0.8797462262014006,2.431489586046469,0.0075353351856635
5.37e-05,0.0,2.439728991775812,0.1819517146853049,0.8808480444559255,2.435609839820268,0.007581321445221
5.38e-05,0.0,2.4438470400611263,0.183057236353637,0.8819517146853049,2.439728991775812,0.0076273848480682
5.39e-05,0.0,2.447963982824773,0.1841646089241883,0.883057236353637,2.4438470400611263,0.0076735253718411
5.4e-05,0.0,2.4520798182158487,0.1852738318593942,0.8841646089241884,2.447963982824773,0.0077197429941414
5.41e-05,0.0,2.456194544383989,0.1863849046208586,0.8852738318593942,2.4520798182158487,0.0077660376925357
5.42e-05,0.0,2.4603081594793688,0.1874978266693547,0.8863849046208586,2.456194544383989,0.0078124094445564
5.43e-05,0.0,2.4644206616527,0.1886125974648251,0.8874978266693547,2.4603081594793688,0.007858858227701
5.44e-05,0.0,2.4685320490552347,0.1897292164663819,0.8886125974648251,2.4644206616527,0.0079053840194325
5.45e-05,0.0,2.4726423198387684,0.1908476831323073,0.8897292164663819,2.4685320490552347,0.0079519867971794
5.46e-05,0.0,2.476751472155636,0.1919679969200535,0.8908476831323073,2.4726423198387684,0.0079986665383355
5.47e-05,0.0,2.480859504158716,0.1930901572862431,0.8919679969200535,2.476751472155636,0.0080454232202601
5.48e-05,0.0,2.4849664140014296,0.1942141636866697,0.8930901572862431,2.480859504158716,0.0080922568202779
5.49e-05,0.0,2.489072199837743,0.1953400155762975,0.8942141636866697,2.4849664140014296,0.008139167315679
5.5e-05,0.0,2.493176859822167,0.1964677124092621,0.8953400155762975,2.489072199837743,0.0081861546837192
5.51e-05,0.0,2.497280392109757,0.1975972536388704,0.896467712409262,2.493176859822167,0.0082332189016196
5.52e-05,0.0,2.5013827948561187,0.1987286387176014,0.8975972536388704,2.497280392109757,0.0082803599465667
5.53e-05,0.0,2.505484066217401,0.1998618670971058,0.8987286387176014,2.5013827948561187,0.0083275777957127
5.54e-05,0.0,2.509584204350304,0.2009969382282065,0.8998618670971057,2.505484066217401,0.0083748724261752
5.55e-05,0.0,2.513683207412076,0.2021338515608993,0.9009969382282064,2.509584204350304,0.0084222438150374
5.56e-05,0.0,2.517781073560515,0.2032726065443525,0.9021338515608992,2.513683207412076,0.008469691939348
5.57e-05,0.0,2.52187780095397,0.2044132026269076,0.9032726065443524,2.517781073560515,0.0085172167761211
5.58e-05,0.0,2.5259733877513435,0.2055556392560793,0.9044132026269076,2.52187780095397,0.0085648183023366
5.59e-05,0.0,2.5300678321120875,0.2066999158785561,0.9055556392560792,2.5259733877513435,0.0086124964949398
5.6e-05,0.0,2.5341611321962088,0.2078460319402003,0.906699915878556,2.5300678321120875,0.0086602513308416
5.61e-05,0.0,2.5382532861642684,0.2089939868860482,0.9078460319402004,2.5341611321962088,0.0087080827869186
5.62e-05,0.0,2.5423442921773822,0.2101437801603106,0.9089939868860482,2.5382532861642684,0.0087559908400129
5.63e-05,0.0,2.5464341483972217,0.2112954112063731,0.9101437801603106,2.5423442921773822,0.0088039754669322
5.64e-05,0.0,2.550522852986016,0.2124488794667959,0.911295411206373,2.5464341483972217,0.0088520366444498
5.65e-05,0.0,2.554610404106549,0.2136041843833148,0.912448879466796,2.550522852986016,0.0089001743493047
5.66e-05,0.0,2.5586967999221657,0.2147613253968408,0.9136041843833148,2.554610404106549,0.0089483885582017
5.67e-05,0.0,2.562782038596769,0.2159203019474608,0.9147613253968409,2.5586967999221657,0.0089966792478108
5.68e-05,0.0,2.566866118294821,0.2170811134744376,0.9159203019474608,2.562782038596769,0.0090450463947682
5.69e-05,0.0,2.5709490371813466,0.2182437594162104,0.9170811134744375,2.566866118294821,0.0090934899756754
5.7e-05,0.0,2.5750307934219303,0.2194082392103948,0.9182437594162104,2.5709490371813466,0.0091420099670997
5.71e-05,0.0,2.57911138518272,0.2205745522937833,0.9194082392103948,2.5750307934219303,0.0091906063455743
5.72e-05,0.0,2.5831908106304264,0.2217426981023457,0.9205745522937834,2.57911138518272,0.0092392790875977
5.73e-05,0.0,2.5872690679323243,0.2229126760712288,0.9217426981023455,2.5831908106304264,0.0092880281696345
5.74e-05,0.0,2.591346155256253,0.2240844856347573,0.9229126760712288,2.5872690679323243,0.0093368535681148
5.75e-05,0.0,2.595422070770618,0.2252581262264337,0.9240844856347572,2.591346155256253,0.0093857552594347
5.76e-05,0.0,2.599496812644392,0.2264335972789388,0.9252581262264336,2.595422070770618,0.0094347332199557
5.77e-05,0.0,2.6035703790471127,0.2276108982241317,0.9264335972789388,2.599496812644392,0.0094837874260054
5.78e-05,0.0,2.6076427681488887,0.2287900284930504,0.9276108982241316,2.6035703790471127,0.0095329178538771
5.79e-05,0.0,2.611713978120396,0.2299709875159118,0.9287900284930504,2.6076427681488887,0.0095821244798296
5.8e-05,0.0,2.61578400713288,0.231153774722112,0.9299709875159118,2.611713978120396,0.009631407280088
5.81e-05,0.0,2.6198528533581578,0.2323383895402269,0.931153774722112,2.61578400713288,0.0096807662308427
5.82e-05,0.0,2.6239205149686176,0.2335248313980121,0.932338389540227,2.6198528533581578,0.0097302013082505
5.83e-05,0.0,2.62798699013722,0.2347130997224032,0.933524831398012,2.6239205149686176,0.0097797124884334
5.84e-05,0.0,2.632052277037497,0.2359031939395162,0.9347130997224032,2.62798699013722,0.0098292997474798
5.85e-05,0.0,2.636116373843558,0.2370951134746481,0.9359031939395164,2.632052277037497,0.0098789630614436
5.86e-05,0.0,2.6401792787300837,0.2382888577522763,0.937095113474648,2.636116373843558,0.0099287024063448
5.87e-05,0.0,2.644240989872331,0.2394844261960598,0.9382888577522764,2.6401792787300837,0.0099785177581691
5.88e-05,0.0,2.648301505446135,0.240681818228839,0.9394844261960598,2.644240989872331,0.0100284090928682
5.89e-05,0.0,2.652360823627906,0.2418810332726359,0.940681818228839,2.648301505446135,0.0100783763863598
5.9e-05,0.0,2.6564189425946334,0.2430820707486548,0.941881033272636,2.652360823627906,0.0101284196145272
5.91e-05,0.0,2.660475860523885,0.2442849300772821,0.9430820707486548,2.6564189425946334,0.01017853875322
5.92e-05,0.0,2.6645315755938075,0.2454896106780869,0.944284930077282,2.660475860523885,0.0102287337782536
5.93e-05,0.0,2.6685860859831294,0.2466961119698213,0.9454896106780868,2.6645315755938075,0.0102790046654092
5.94e-05,0.0,2.67263938987116,0.2479044333704202,0.9466961119698212,2.6685860859831294,0.0103293513904341
5.95e-05,0.0,2.676691485437789,0.2491145742970024,0.9479044333704202,2.67263938987116,0.0103797739290417
5.96e-05,0.0,2.680742370863492,0.25032653416587,0.9491145742970024,2.676691485437789,0.0104302722569112
5.97e-05,0.0,2.684792044329326,0.2515403123925094,0.95032653416587,2.680742370863492,0.0104808463496878
5.98e-05,0.0,2.6888405040169334,0.252755908391591,0.9515403123925094,2.684792044329326,0.0105314961829829
5.99e-05,0.0,2.692887748108542,0.2539733215769701,0.9527559083915912,2.6888405040169334,0.0105822217323737
6e-05,0.0,2.6969337747869653,0.2551925513616865,0.95397332157697,2.692887748108542,0.0106330229734036
6.01e-05,5.0,2.701933774786965,0.2551877181694259,0.0,0.0,0.0106328215903927
6.02e-05,5.0,2.706933774786965,0.255182885068703,0.0,0.0,0.0106326202111959
6.03e-05,5.0,2.711933774786965,0.2551780520595161,0.0,0.0,0.0106324188358131
6.04e-05,5.0,2.716933774786965,0.2551732191418634,0.0,0.0,0.0106322174642443
6.05e-05,5.0,2.7219337747869647,0.2551683863157433,0.0,0.0,0.0106320160964893
6.06e-05,5.0,2.7269337747869646,0.255163553581154,0.0,0.0,0.010631814732548
6.07e-05,5.0,2.7319337747869645,0.2551587209380938,0.0,0.0,0.0106316133724205
6.08e-05,5.0,2.7369337747869644,0.2551538883865609,0.0,0.0,0.0106314120161067
6.09e-05,5.0,2.7419337747869643,0.2551490559265535,0.0,0.0,0.0106312106636064
6.1e-05,5.0,2.746933774786964,0.2551442235580701,0.0,0.0,0.0106310093149195
6.11e-05,5.0,2.751933774786964,0.2551393912811087,0.0,0.0,0.0106308079700461
6.12e-05,5.0,2.756933774786964,0.2551345590956678,0.0,0.0,0.0106306066289861
6.13e-05,5.0,2.761933774786964,0.2551297270017455,0.0,0.0,0.0106304052917393
6.14e-05,5.0,2.766933774786964,0.2551248949993402,0.0,0.0,0.0106302039583058
6.149999999999999e-05,5.0,2.771933774786964,0.2551200630884501,0.0,0.0,0.0106300026286854
6.159999999999999e-05,5.0,2.776933774786964,0.2551152312690734,0.0,0.0,0.010629801302878
6.17e-05,5.0,2.7819337747869635,0.2551103995412085,0.0,0.0,0.0106295999808836
6.18e-05,5.0,2.786933774786964,0.2551055679048535,0.0,0.0,0.0106293986627022
6.19e-05,5.0,2.7919337747869637,0.2551007363600068,0.0,0.0,0.0106291973483336
6.2e-05,5.0,2.796933774786963,0.2550959049066667,0.0,0.0,0.0106289960377777
6.209999999999999e-05,5.0,2.801933774786963,0.2550910735448313,0.0,0.0,0.0106287947310346
6.22e-05,5.0,2.806933774786963,0.255086242274499,0.0,0.0,0.0106285934281041
6.23e-05,5.0,2.811933774786963,0.2550814110956681,0.0,0.0,0.0106283921289861
6.24e-05,5.0,2.8169337747869627,0.2550765800083368,0.0,0.0,0.0106281908336806
6.25e-05,5.0,2.8219337747869626,0.2550717490125033,0.0,0.0,0.0106279895421876
6.26e-05,5.0,2.8269337747869625,0.2550669181081659,0.0,0.0,0.0106277882545069
6.269999999999999e-05,5.0,2.8319337747869624,0.255062087295323,0.0,0.0,0.0106275869706384
6.28e-05,5.0,2.8369337747869623,0.2550572565739727,0.0,0.0,0.0106273856905821
6.29e-05,5.0,2.841933774786962,0.2550524259441133,0.0,0.0,0.010627184414338
6.3e-05,5.0,2.846933774786962,0.2550475954057432,0.0,0.0,0.0106269831419059
6.31e-05,5.0,2.851933774786962,0.2550427649588605,0.0,0.0,0.0106267818732858
6.319999999999999e-05,5.0,2.856933774786962,0.2550379346034636,0.0,0.0,0.0106265806084776
6.33e-05,5.0,2.8619337747869618,0.2550331043395506,0.0,0.0,0.0106263793474812
6.34e-05,5.0,2.8669337747869617,0.2550282741671199,0.0,0.0,0.0106261780902966
6.35e-05,5.0,2.871933774786961,0.2550234440861698,0.0,0.0,0.0106259768369237
6.36e-05,0.0,2.8759787513428754,0.2563240385397834,0.9550234440861698,2.871933774786961,0.0106801682724909
6.37e-05,0.0,2.880022427304336,0.2576264469866336,0.9563240385397832,2.8759787513428754,0.0107344352911097
6.379999999999999e-05,0.0,2.8840648008573493,0.2589306688011851,0.9576264469866336,2.880022427304336,0.010788777866716
6.39e-05,0.0,2.8881058701885483,0.2602367033570899,0.958930668801185,2.8840648008573493,0.010843195973212
6.4e-05,0.0,2.892145633485191,0.2615445500271878,0.96023670335709,2.8881058701885483,0.0108976895844661
6.41e-05,0.0,2.896184088935164,0.2628542081835063,0.9615445500271876,2.892145633485191,0.0109522586743127
6.42e-05,0.0,2.9002212347269807,0.2641656771972612,0.9628542081835064,2.896184088935164,0.0110069032165525
6.429999999999999e-05,0.0,2.9042570690497835,0.2654789564388569,0.9641656771972612,2.9002212347269807,0.0110616231849523
6.44e-05,0.0,2.9082915900933446,0.2667940452778863,0.9654789564388568,2.9042570690497835,0.0111164185532452
6.45e-05,0.0,2.9123247960480665,0.2681109430831319,0.9667940452778864,2.9082915900933446,0.0111712892951304
6.46e-05,0.0,2.916356685104984,0.269429649222565,0.9681109430831318,2.9123247960480665,0.0112262353842735
6.47e-05,0.0,2.920387255455761,0.2707501630633471,0.9694296492225648,2.916356685104984,0.0112812567943061
6.48e-05,0.0,2.9244165052926974,0.2720724839718296,0.970750163063347,2.920387255455761,0.0113363534988262
6.489999999999999e-05,0.0,2.9284444328087256,0.2733966113135541,0.9720724839718295,2.9244165052926974,0.011391525471398
6.5e-05,0.0,2.932471036197412,0.2747225444532529,0.973396611313554,2.9284444328087256,0.0114467726855522
6.51e-05,0.0,2.936496313652959,0.2760502827548493,0.9747225444532528,2.932471036197412,0.0115020951147853
6.52e-05,0.0,2.940520263370204,0.2773798255814575,0.9760502827548492,2.936496313652959,0.0115574927325607
6.53e-05,0.0,2.9445428835446226,0.2787111722953837,0.9773798255814574,2.940520263370204,0.0116129655123076
6.539999999999999e-05,0.0,2.9485641723723277,0.2800443222581257,0.9787111722953836,2.9445428835446226,0.0116685134274219
6.549999999999999e-05,0.0,2.952584128050069,0.2813792748303734,0.9800443222581257,2.9485641723723277,0.0117241364512655
6.56e-05,0.0,2.956602748775239,0.2827160293720092,0.9813792748303732,2.952584128050069,0.011779834557167
6.57e-05,0.0,2.960620032745867,0.2840545852421083,0.9827160293720092,2.956602748775239,0.0118356077184211
6.58e-05,0.0,2.964635978160625,0.285394941798939,0.9840545852421084,2.960620032745867,0.0118914559082891
6.59e-05,0.0,2.968650583218826,0.2867370983999628,0.9853949417989388,2.964635978160625,0.0119473790999984
6.599999999999999e-05,0.0,2.972663846120426,0.288081054401835,0.9867370983999628,2.968650583218826,0.0120033772667431
6.61e-05,0.0,2.976675765066024,0.2894268091604048,0.988081054401835,2.972663846120426,0.0120594503816835
6.62e-05,0.0,2.980686338256864,0.2907743620307159,0.9894268091604048,2.976675765066024,0.0121155984179464
6.63e-05,0.0,2.984695563894833,0.2921237123670063,0.990774362030716,2.980686338256864,0.0121718213486252
6.64e-05,0.0,2.9887034401824657,0.2934748595227092,0.9921237123670064,2.984695563894833,0.0122281191467795
6.65e-05,0.0,2.992709965322943,0.2948278028504527,0.9934748595227092,2.9887034401824657,0.0122844917854355
6.659999999999999e-05,0.0,2.9967151375200927,0.2961825417020606,0.9948278028504528,2.992709965322943,0.0123409392375858
6.67e-05,0.0,3.0007189549783906,0.2975390754285527,0.9961825417020608,2.9967151375200927,0.0123974614761896
6.68e-05,0.0,3.004721415902962,0.2988974033801446,0.9975390754285528,3.0007189549783906,0.0124540584741726
6.69e-05,0.0,3.0087225184995816,0.3002575249062486,0.9988974033801444,3.004721415902962,0.012510730204427
6.7e-05,0.0,3.0127222609746758,0.3016194393554736,1.0002575249062486,3.0087225184995816,0.0125674766398114
6.709999999999999e-05,0.0,3.01672064153532,0.3029831460756259,1.0016194393554736,3.0127222609746758,0.012624297753151
6.72e-05,0.0,3.0207176583892443,0.3043486444137087,1.0029831460756258,3.01672064153532,0.0126811935172378
6.73e-05,0.0,3.0247133097448304,0.3057159337159232,1.0043486444137086,3.0207176583892443,0.0127381639048301
6.74e-05,0.0,3.0287075938111143,0.3070850133276686,1.0057159337159232,3.0247133097448304,0.0127952088886528
6.75e-05,0.0,3.0327005087977867,0.3084558825935424,1.0070850133276683,3.0287075938111143,0.0128523284413976
6.76e-05,0.0,3.036692052915193,0.3098285408573408,1.0084558825935424,3.0327005087977867,0.0129095225357225
6.769999999999999e-05,0.0,3.040682224374336,0.3112029874620587,1.0098285408573409,3.036692052915193,0.0129667911442524
6.78e-05,0.0,3.0446710213868737,0.3125792217498905,1.0112029874620587,3.040682224374336,0.0130241342395787
6.79e-05,0.0,3.048658442165124,0.3139572430622302,1.0125792217498906,3.0446710213868737,0.0130815517942595
6.8e-05,0.0,3.052644484922061,0.3153370507396715,1.01395724306223,3.048658442165124,0.0131390437808196
6.81e-05,0.0,3.056629147871322,0.3167186441220084,1.0153370507396715,3.052644484922061,0.0131966101717503
6.819999999999999e-05,0.0,3.0606124292272,0.3181020225482355,1.0167186441220084,3.056629147871322,0.0132542509395098
6.829999999999999e-05,0.0,3.064594327204652,0.3194871853565481,1.0181020225482356,3.0606124292272,0.0133119660565228
6.84e-05,0.0,3.068574840019296,0.3208741318843427,1.019487185356548,3.064594327204652,0.0133697554951809
6.85e-05,0.0,3.072553965887411,0.3222628614682173,1.0208741318843426,3.068574840019296,0.0134276192278423
6.86e-05,0.0,3.076531703025943,0.3236533734439716,1.0222628614682172,3.072553965887411,0.0134855572268321
6.87e-05,0.0,3.080508049652499,0.3250456671466076,1.0236533734439717,3.076531703025943,0.0135435694644419
6.879999999999999e-05,0.0,3.0844830039853526,0.3264397419103294,1.0250456671466075,3.080508049652499,0.0136016559129303
6.89e-05,0.0,3.088456564243442,0.3278355970685441,1.0264397419103295,3.0844830039853526,0.0136598165445226
6.9e-05,0.0,3.0924287286463734,0.3292332319538618,1.027835597068544,3.088456564243442,0.0137180513314109
6.91e-05,0.0,3.09639949541442,0.3306326458980959,1.0292332319538615,3.0924287286463734,0.0137763602457539
6.92e-05,0.0,3.100368862768521,0.3320338382322635,1.030632645898096,3.09639949541442,0.0138347432596776
6.929999999999999e-05,0.0,3.1043368289302893,0.3334368082865857,1.0320338382322634,3.100368862768521,0.0138932003452744
6.939999999999999e-05,0.0,3.1083033921220027,0.334841555390488,1.0334368082865857,3.1043368289302893,0.0139517314746036
6.95e-05,0.0,3.112268550566612,0.3362480788726004,1.034841555390488,3.1083033921220027,0.0140103366196916
6.96e-05,0.0,3.1162323024877394,0.3376563780607581,1.0362480788726005,3.112268550566612,0.0140690157525315
6.97e-05,0.0,3.120194646109679,0.3390664522820014,1.0376563780607582,3.1162323024877394,0.0141277688450833
6.98e-05,0.0,3.1241555796573968,0.3404783008625762,1.0390664522820017,3.120194646109679,0.014186595869274
6.989999999999999e-05,0.0,3.128115101356534,0.3418919231279345,1.0404783008625762,3.1241555796573968,0.0142454967969972
7e-05,0.0,3.1320732094334063,0.3433073184027342,1.0418919231279344,3.128115101356534,0.0143044716001139
7.01e-05,5.0,3.137073209433406,0.3433008163701888,0.0,0.0,0.0143042006820911
7.02e-05,5.0,3.142073209433406,0.3432943144607878,0.0,0.0,0.0143039297691994
7.03e-05,5.0,3.147073209433406,0.3432878126745291,0.0,0.0,0.0143036588614387
7.04e-05,5.0,3.152073209433406,0.3432813110114103,0.0,0.0,0.0143033879588087
7.049999999999999e-05,5.0,3.1570732094334057,0.343274809471429,0.0,0.0,0.0143031170613095
7.06e-05,5.0,3.1620732094334056,0.3432683080545829,0.0,0.0,0.0143028461689409
7.07e-05,5.0,3.167073209433405,0.3432618067608698,0.0,0.0,0.0143025752817029
7.08e-05,5.0,3.172073209433405,0.3432553055902872,0.0,0.0,0.0143023043995953
7.09e-05,5.0,3.1770732094334053,0.3432488045428328,0.0,0.0,0.014302033522618
7.099999999999999e-05,5.0,3.182073209433405,0.3432423036185044,0.0,0.0,0.014301762650771
7.11e-05,5.0,3.187073209433405,0.3432358028172995,0.0,0.0,0.0143014917840541
7.12e-05,5.0,3.192073209433405,0.3432293021392158,0.0,0.0,0.0143012209224673
7.13e-05,5.0,3.197073209433405,0.343222801584251,0.0,0.0,0.0143009500660104
7.14e-05,5.0,3.202073209433405,0.3432163011524028,0.0,0.0,0.0143006792146834
7.15e-05,5.0,3.2070732094334047,0.3432098008436689,0.0,0.0,0.0143004083684862
7.159999999999999e-05,5.0,3.212073209433405,0.3432033006580469,0.0,0.0,0.0143001375274186
7.17e-05,5.0,3.2170732094334045,0.3431968005955344,0.0,0.0,0.0142998666914806
7.18e-05,5.0,3.2220732094334044,0.3431903006561292,0.0,0.0,0.014299595860672
7.19e-05,5.0,3.2270732094334043,0.3431838008398289,0.0,0.0,0.0142993250349928
7.2e-05,5.0,3.232073209433404,0.3431773011466312,0.0,0.0,0.0142990542144429
7.209999999999999e-05,5.0,3.237073209433404,0.3431708015765337,0.0,0.0,0.0142987833990222
7.219999999999999e-05,5.0,3.242073209433404,0.3431643021295342,0.0,0.0,0.0142985125887305
7.23e-05,5.0,3.247073209433404,0.3431578028056302,0.0,0.0,0.0142982417835679
7.24e-05,5.0,3.252073209433404,0.3431513036048195,0.0,0.0,0.0142979709835341
7.25e-05,5.0,3.257073209433404,0.3431448045270998,0.0,0.0,0.0142977001886291
7.26e-05,5.0,3.2620732094334035,0.3431383055724686,0.0,0.0,0.0142974293988528
7.269999999999999e-05,5.0,3.2670732094334034,0.3431318067409237,0.0,0.0,0.0142971586142051
7.28e-05,5.0,3.2720732094334037,0.3431253080324627,0.0,0.0,0.0142968878346859
7.29e-05,5.0,3.277073209433403,0.3431188094470833,0.0,0.0,0.0142966170602951
7.3e-05,5.0,3.282073209433403,0.3431123109847832,0.0,0.0,0.0142963462910326
7.31e-05,5.0,3.287073209433403,0.34310581264556,0.0,0.0,0.0142960755268983
7.319999999999999e-05,5.0,3.292073209433403,0.3430993144294115,0.0,0.0,0.0142958047678921
7.329999999999999e-05,5.0,3.2970732094334028,0.3430928163363352,0.0,0.0,0.0142955340140139
7.34e-05,5.0,3.3020732094334027,0.3430863183663288,0.0,0.0,0.0142952632652637
7.35e-05,5.0,3.3070732094334025,0.3430798205193901,0.0,0.0,0.0142949925216412
7.36e-05,0.0,3.3110301296128832,0.3445765378907136,1.04307982051939,3.3070732094334025,0.0143573557454464
7.37e-05,0.0,3.3149855530749925,0.3460750255151988,1.0445765378907137,3.3110301296128832,0.0144197927297999
7.379999999999999e-05,0.0,3.318939478049477,0.347575282678992,1.0460750255151987,3.3149855530749925,0.014482303444958
7.39e-05,0.0,3.322891902766798,0.3490773086674487,1.047575282678992,3.318939478049477,0.0145448878611436
7.4e-05,0.0,3.3268428254581304,0.350581102765133,1.0490773086674483,3.322891902766798,0.0146075459485472
7.41e-05,0.0,3.330792244355365,0.3520866642558192,1.050581102765133,3.3268428254581304,0.0146702776773258
7.42e-05,0.0,3.334740157691109,0.353593992422491,1.052086664255819,3.330792244355365,0.0147330830176037
7.429999999999999e-05,0.0,3.3386865636986864,0.3551030865473426,1.053593992422491,3.334740157691109,0.0147959619394726
7.439999999999999e-05,0.0,3.342631460612139,0.3566139459117786,1.0551030865473423,3.3386865636986864,0.0148589144129907
7.45e-05,0.0,3.3465748466662277,0.3581265697964146,1.0566139459117787,3.342631460612139,0.0149219404081839
7.46e-05,0.0,3.3505167200964308,0.3596409574810773,1.0581265697964146,3.3465748466662277,0.0149850398950448
7.47e-05,0.0,3.3544570791389496,0.3611571082448052,1.0596409574810772,3.3505167200964308,0.0150482128435335
7.48e-05,0.0,3.358395922030705,0.3626750213658486,1.0611571082448052,3.3544570791389496,0.015111459223577
7.489999999999999e-05,0.0,3.362333247009339,0.36419469612167,1.062675021365849,3.358395922030705,0.0151747790050695
7.5e-05,0.0,3.3662690523132177,0.3657161317889447,1.06419469612167,3.362333247009339,0.0152381721578726
7.51e-05,0.0,3.370203336181429,0.3672393276435608,1.0657161317889448,3.3662690523132177,0.015301638651815
7.52e-05,0.0,3.374136096853785,0.3687642829606197,1.0672393276435608,3.370203336181429,0.0153651784566924
7.53e-05,0.0,3.378067332570825,0.3702909970144366,1.0687642829606196,3.374136096853785,0.0154287915422681
7.54e-05,0.0,3.3819970415738103,0.3718194690785405,1.0702909970144363,3.378067332570825,0.0154924778782725
7.549999999999999e-05,0.0,3.385925222104732,0.3733496984256748,1.0718194690785403,3.3819970415738103,0.0155562374344031
7.56e-05,0.0,3.389851872406306,0.3748816843277977,1.0733496984256747,3.385925222104732,0.0156200701803249
7.57e-05,0.0,3.393776990721978,0.3764154260560822,1.0748816843277975,3.389851872406306,0.01568397608567
7.58e-05,0.0,3.397700575295922,0.3779509228809169,1.0764154260560823,3.393776990721978,0.0157479551200382
7.59e-05,0.0,3.401622624373041,0.3794881740719059,1.077950922880917,3.397700575295922,0.015812007252996
7.599999999999999e-05,0.0,3.405543136198969,0.3810271788978696,1.0794881740719058,3.401622624373041,0.0158761324540778
7.609999999999999e-05,0.0,3.409462109020071,0.3825679366268445,1.0810271788978696,3.405543136198969,0.0159403306927851
7.62e-05,0.0,3.413379541083444,0.3841104465260841,1.0825679366268446,3.409462109020071,0.0160046019385868
7.63e-05,0.0,3.4172954306369183,0.3856547078620591,1.084110446526084,3.413379541083444,0.0160689461609191
7.64e-05,0.0,3.4212097759290563,0.3872007199004573,1.085654707862059,3.4172954306369183,0.0161333633291857
7.65e-05,0.0,3.425122575209156,0.3887484819061845,1.0872007199004572,3.4212097759290563,0.0161978534127576
7.659999999999999e-05,0.0,3.4290338267272498,0.3902979931433646,1.0887484819061846,3.425122575209156,0.0162624163809735
7.67e-05,0.0,3.4329435287341066,0.3918492528753402,1.0902979931433645,3.4290338267272498,0.0163270522031391
7.68e-05,0.0,3.436851679481231,0.3934022603646724,1.09184925287534,3.4329435287341066,0.016391760848528
7.69e-05,0.0,3.4407582772208665,0.3949570148731419,1.0934022603646725,3.436851679481231,0.0164565422863809
7.7e-05,0.0,3.444663320205993,0.3965135156617485,1.0949570148731418,3.4407582772208665,0.0165213964859061
7.709999999999999e-05,0.0,3.448566806690332,0.3980717619907121,1.0965135156617485,3.444663320205993,0.0165863234162796
7.719999999999999e-05,0.0,3.4524687349283414,0.3996317531194731,1.098071761990712,3.448566806690332,0.0166513230466447
7.73e-05,0.0,3.4563691031752217,0.401193488306692,1.099631753119473,3.4524687349283414,0.0167163953461121
7.74e-05,0.0,3.460267909686915,0.4027569668102507,1.101193488306692,3.4563691031752217,0.0167815402837604
7.75e-05,0.0,3.464165152720105,0.4043221878872521,1.1027569668102508,3.460267909686915,0.0168467578286355
7.76e-05,0.0,3.4680608305322176,0.405889150794021,1.1043221878872522,3.464165152720105,0.0169120479497508
7.769999999999999e-05,0.0,3.471954941381424,0.4074578547861039,1.105889150794021,3.4680608305322176,0.0169774106160876
7.78e-05,0.0,3.4758474835266377,0.40902829911827,1.1074578547861038,3.471954941381424,0.0170428457965945
7.79e-05,0.0,3.4797384552275195,0.4106004830445109,1.10902829911827,3.4758474835266377,0.0171083534601879
7.8e-05,0.0,3.483627854744475,0.4121744058180415,1.1106004830445109,3.4797384552275195,0.0171739335757517
7.81e-05,0.0,3.487515680338657,0.4137500666913,1.1121744058180414,3.483627854744475,0.0172395861121375
7.819999999999999e-05,0.0,3.491401930271966,0.4153274649159484,1.1137500666913,3.487515680338657,0.0173053110381645
7.829999999999999e-05,0.0,3.4952866028070497,0.4169065997428728,1.1153274649159484,3.491401930271966,0.0173711083226197
7.84e-05,0.0,3.4991696962073067,0.418487470422184,1.1169065997428729,3.4952866028070497,0.0174369779342576
7.85e-05,0.0,3.5030512087368844,0.4200700762032172,1.118487470422184,3.4991696962073067,0.0175029198418007
7.86e-05,0.0,3.506931138660681,0.4216544163345331,1.1200700762032172,3.5030512087368844,0.0175689340139388
7.87e-05,0.0,3.5108094842443465,0.423240490063918,1.121654416334533,3.506931138660681,0.0176350204193299
7.879999999999999e-05,0.0,3.5146862437542827,0.4248282966383839,1.123240490063918,3.5108094842443465,0.0177011790265993
7.89e-05,0.0,3.5185614154576443,0.4264178353041692,1.124828296638384,3.5146862437542827,0.0177674098043403
7.9e-05,0.0,3.5224349976223404,0.4280091053067389,1.1264178353041692,3.5185614154576443,0.0178337127211141
7.91e-05,0.0,3.526306988517033,0.4296021058907849,1.128009105306739,3.5224349976223404,0.0179000877454493
7.92e-05,0.0,3.5301773864111428,0.4311968363002266,1.1296021058907848,3.526306988517033,0.0179665348458427
7.93e-05,0.0,3.5340461895748425,0.4327932957782108,1.1311968363002265,3.5301773864111428,0.0180330539907587
7.939999999999999e-05,0.0,3.5379133962790643,0.4343914835671126,1.1327932957782108,3.5340461895748425,0.0180996451486296
7.95e-05,0.0,3.5417790047954973,0.4359913989085355,1.1343914835671125,3.5379133962790643,0.0181663082878556
7.96e-05,0.0,3.545643013396589,0.4375930410433117,1.1359913989085355,3.5417790047954973,0.0182330433768046
7.97e-05,0.0,3.5495054203555454,0.4391964092115025,1.1375930410433115,3.545643013396589,0.0182998503838126
7.98e-05,0.0,3.553366223946334,0.4408015026523988,1.1391964092115026,3.5495054203555454,0.0183667292771832
7.989999999999999e-05,0.0,3.5572254224436817,0.4424083206045212,1.1408015026523988,3.553366223946334,0.0184336800251883
7.999999999999999e-05,0.0,3.5610830141230774,0.4440168623056205,1.1424083206045212,3.5572254224436817,0.0185007025960675
8.01e-05,5.0,3.5660830141230773,0.4440084528953495,0.0,0.0,0.0185003522039729
8.02e-05,5.0,3.571083014123077,0.4440000436443477,0.0,0.0,0.0185000018185144
8.03e-05,5.0,3.576083014123077,0.4439916345526121,0.0,0.0,0.0184996514396921
8.04e-05,5.0,3.581083014123077,0.4439832256201395,0.0,0.0,0.0184993010675058
8.049999999999999e-05,5.0,3.586083014123077,0.4439748168469269,0.0,0.0,0.0184989507019552
8.06e-05,5.0,3.5910830141230767,0.4439664082329715,0.0,0.0,0.0184986003430404
8.07e-05,5.0,3.5960830141230766,0.4439579997782701,0.0,0.0,0.0184982499907612
8.08e-05,5.0,3.6010830141230765,0.4439495914828197,0.0,0.0,0.0184978996451174
8.09e-05,5.0,3.606083014123077,0.4439411833466174,0.0,0.0,0.018497549306109
8.099999999999999e-05,5.0,3.611083014123076,0.4439327753696601,0.0,0.0,0.0184971989737358
8.109999999999999e-05,5.0,3.616083014123076,0.4439243675519447,0.0,0.0,0.0184968486479976
8.12e-05,5.0,3.621083014123076,0.4439159598934684,0.0,0.0,0.0184964983288945
8.13e-05,5.0,3.626083014123076,0.4439075523942279,0.0,0.0,0.0184961480164261
8.14e-05,5.0,3.631083014123076,0.4438991450542205,0.0,0.0,0.0184957977105925
8.15e-05,5.0,3.636083014123076,0.4438907378734429,0.0,0.0,0.0184954474113934
8.159999999999999e-05,5.0,3.641083014123076,0.4438823308518923,0.0,0.0,0.0184950971188288
8.17e-05,5.0,3.646083014123076,0.4438739239895656,0.0,0.0,0.0184947468328985
8.18e-05,5.0,3.651083014123076,0.4438655172864597,0.0,0.0,0.0184943965536024
8.19e-05,5.0,3.6560830141230753,0.4438571107425717,0.0,0.0,0.0184940462809404
8.2e-05,5.0,3.6610830141230752,0.4438487043578986,0.0,0.0,0.0184936960149124
8.209999999999999e-05,5.0,3.666083014123075,0.4438402981324372,0.0,0.0,0.0184933457555182
8.219999999999999e-05,5.0,3.671083014123075,0.4438318920661847,0.0,0.0,0.0184929955027576
8.23e-05,5.0,3.676083014123075,0.443823486159138,0.0,0.0,0.0184926452566307
8.24e-05,5.0,3.681083014123075,0.4438150804112941,0.0,0.0,0.0184922950171372
8.25e-05,5.0,3.6860830141230743,0.4438066748226499,0.0,0.0,0.018491944784277
8.26e-05,5.0,3.6910830141230746,0.4437982693932025,0.0,0.0,0.0184915945580501
8.269999999999999e-05,5.0,3.6960830141230745,0.4437898641229488,0.0,0.0,0.0184912443384562
8.28e-05,5.0,3.7010830141230735,0.4437814590118859,0.0,0.0,0.0184908941254952
8.29e-05,5.0,3.7060830141230734,0.4437730540600107,0.0,0.0,0.0184905439191671
8.3e-05,5.0,3.711083014123074,0.4437646492673202,0.0,0.0,0.0184901937194716
8.31e-05,5.0,3.716083014123074,0.4437562446338113,0.0,0.0,0.0184898435264088
8.319999999999999e-05,5.0,3.721083014123074,0.4437478401594811,0.0,0.0,0.0184894933399783
8.329999999999999e-05,5.0,3.726083014123074,0.4437394358443265,0.0,0.0,0.0184891431601802
8.34e-05,5.0,3.7310830141230737,0.4437310316883446,0.0,0.0,0.0184887929870143
8.35e-05,5.0,3.7360830141230736,0.4437226276915323,0.0,0.0,0.0184884428204805
8.36e-05,0.0,3.739939291495382,0.4454124434057608,1.1437226276915324,3.7360830141230736,0.0185588518085733
8.37e-05,0.0,3.743793879051976,0.4471039799692548,1.1454124434057609,3.739939291495382,0.0186293324987189
8.379999999999999e-05,0.0,3.747646775072007,0.4487972365813245,1.1471039799692548,3.743793879051976,0.0186998848575551
8.389999999999999e-05,0.0,3.7514979778354256,0.4504922124405128,1.1487972365813244,3.747646775072007,0.018770508851688
8.4e-05,0.0,3.755347485622985,0.4521889067445964,1.1504922124405128,3.7514979778354256,0.0188412044476915
8.41e-05,0.0,3.759195296716241,0.4538873186905851,1.1521889067445965,3.755347485622985,0.0189119716121077
8.42e-05,0.0,3.76304140939755,0.4555874474747233,1.1538873186905851,3.759195296716241,0.0189828103114468
8.43e-05,0.0,3.7668858219500754,0.4572892922924897,1.1555874474747232,3.76304140939755,0.019053720512187
8.439999999999999e-05,0.0,3.770728532657783,0.4589928523385979,1.1572892922924898,3.7668858219500754,0.0191247021807749
8.45e-05,0.0,3.774569539805445,0.4606981268069965,1.158992852338598,3.770728532657783,0.0191957552836248
8.46e-05,0.0,3.778408841678637,0.46240511489087,1.1606981268069965,3.774569539805445,0.0192668797871195
8.47e-05,0.0,3.782246436563746,0.4641138157826389,1.16240511489087,3.778408841678637,0.0193380756576099
8.48e-05,0.0,3.7860823227479634,0.4658242286739599,1.164113815782639,3.782246436563746,0.0194093428614149
8.489999999999999e-05,0.0,3.789916498519289,0.4675363527557265,1.16582422867396,3.7860823227479634,0.0194806813648219
8.499999999999999e-05,0.0,3.7937489621665335,0.4692501872180695,1.1675363527557263,3.789916498519289,0.0195520911340862
8.51e-05,0.0,3.7975797119793153,0.4709657312503569,1.1692501872180694,3.7937489621665335,0.0196235721354315
8.52e-05,0.0,3.801408746248065,0.4726829840411951,1.170965731250357,3.7975797119793153,0.0196951243350497
8.53e-05,0.0,3.805236063264024,0.4744019447784283,1.172682984041195,3.801408746248065,0.0197667476991011
8.54e-05,0.0,3.809061661319245,0.4761226126491396,1.1744019447784282,3.805236063264024,0.0198384421937141
8.549999999999999e-05,0.0,3.812885538706596,0.4778449868396512,1.1761226126491395,3.809061661319245,0.0199102077849854
8.56e-05,0.0,3.816707693719757,0.4795690665355246,1.1778449868396512,3.812885538706596,0.0199820444389801
8.57e-05,0.0,3.820528124653221,0.4812948509215614,1.1795690665355243,3.816707693719757,0.0200539521217317
8.58e-05,0.0,3.8243468298023,0.483022339181803,1.1812948509215613,3.820528124653221,0.0201259307992417
8.59e-05,0.0,3.828163807463118,0.4847515304995316,1.1830223391818029,3.8243468298023,0.0201979804374804
8.599999999999999e-05,0.0,3.8319790559326186,0.4864824240572705,1.1847515304995315,3.828163807463118,0.0202701010023862
8.609999999999999e-05,0.0,3.835792573508561,0.4882150190367842,1.1864824240572704,3.8319790559326186,0.020342292459866
8.62e-05,0.0,3.839604358489524,0.4899493146190791,1.1882150190367842,3.835792573508561,0.0204145547757949
8.63e-05,0.0,3.843414409174905,0.4916853099844036,1.1899493146190792,3.839604358489524,0.0204868879160168
8.64e-05,0.0,3.847222723864921,0.4934230043122485,1.1916853099844036,3.843414409174905,0.0205592918463436
8.65e-05,0.0,3.851029300860609,0.4951623967813479,1.1934230043122485,3.847222723864921,0.0206317665325561
8.659999999999999e-05,0.0,3.854834138463827,0.4969034865696788,1.1951623967813478,3.851029300860609,0.0207043119404032
8.669999999999999e-05,0.0,3.858637234977257,0.4986462728544621,1.1969034865696788,3.854834138463827,0.0207769280356025
8.68e-05,0.0,3.8624385887044026,0.5003907548121629,1.1986462728544622,3.858637234977257,0.0208496147838401
8.69e-05,0.0,3.866238197949591,0.5021369316184904,1.2003907548121628,3.8624385887044026,0.0209223721507704
8.7e-05,0.0,3.870036061017972,0.503884802448399,1.2021369316184902,3.866238197949591,0.0209952001020166
8.709999999999999e-05,0.0,3.873832176215524,0.5056343664760881,1.2038848024483988,3.870036061017972,0.0210680986031703
8.719999999999999e-05,0.0,3.877626541849048,0.5073856228750028,1.205634366476088,3.873832176215524,0.0211410676197917
8.73e-05,0.0,3.8814191562261726,0.5091385708178342,1.2073856228750026,3.877626541849048,0.0212141071174097
8.74e-05,0.0,3.885210017655355,0.51089320947652,1.2091385708178342,3.8814191562261726,0.0212872170615216
8.75e-05,0.0,3.888999124445878,0.5126495380222444,1.21089320947652,3.885210017655355,0.0213603974175935
8.76e-05,0.0,3.892786474907856,0.5144075556254392,1.2126495380222444,3.888999124445878,0.0214336481510599
8.769999999999999e-05,0.0,3.8965720673522304,0.5161672614557832,1.214407555625439,3.892786474907856,0.0215069692273243
8.779999999999999e-05,0.0,3.900355900090775,0.5179286546822036,1.2161672614557832,3.8965720673522304,0.0215803606117584
8.79e-05,0.0,3.904137971436093,0.5196917344728759,1.2179286546822037,3.900355900090775,0.0216538222697031
8.8e-05,0.0,3.90791827970162,0.5214564999952243,1.219691734472876,3.904137971436093,0.0217273541664676
8.81e-05,0.0,3.911696823201624,0.523222950415922,1.2214564999952242,3.90791827970162,0.02180095626733
8.82e-05,0.0,3.915473600251208,0.5249910849008922,1.223222950415922,3.911696823201624,0.0218746285375371
8.829999999999999e-05,0.0,3.9192486091663072,0.5267609026153075,1.2249910849008925,3.915473600251208,0.0219483709423044
8.84e-05,0.0,3.923021848263692,0.5285324027235911,1.2267609026153077,3.9192486091663072,0.0220221834468162
8.85e-05,0.0,3.926793315860969,0.530305584389417,1.228532402723591,3.923021848263692,0.0220960660162257
8.86e-05,0.0,3.930563010276579,0.5320804467757101,1.2303055843894168,3.926793315860969,0.0221700186156545
8.87e-05,0.0,3.934330929829803,0.5338569890446468,1.23208044677571,3.930563010276579,0.0222440412101936
8.879999999999999e-05,0.0,3.9380970728407583,0.5356352103576557,1.233856989044647,3.934330929829803,0.0223181337649023
8.889999999999999e-05,0.0,3.9418614376304006,0.5374151098754175,1.2356352103576556,3.9380970728407583,0.022392296244809
8.9e-05,0.0,3.945624022520525,0.5391966867578655,1.2374151098754176,3.9418614376304006,0.022466528614911
8.91e-05,0.0,3.949384825833768,0.5409799401641862,1.2391966867578654,3.945624022520525,0.0225408308401744
8.92e-05,0.0,3.953143845893603,0.5427648692528196,1.240979940164186,3.949384825833768,0.0226152028855341
8.93e-05,0.0,3.95690108102435,0.5445514731814597,1.2427648692528197,3.953143845893603,0.0226896447158941
8.939999999999999e-05,0.0,3.960656529551169,0.5463397511070545,1.2445514731814598,3.95690108102435,0.0227641562961272
8.95e-05,0.0,3.964410189800062,0.5481297021858067,1.2463397511070544,3.960656529551169,0.0228387375910752
8.96e-05,0.0,3.968162060097876,0.5499213255731744,1.2481297021858069,3.964410189800062,0.0229133885655489
8.97e-05,0.0,3.971912138772303,0.5517146204238709,1.2499213255731745,3.968162060097876,0.0229881091843279
8.98e-05,0.0,3.975660424151879,0.5535095858918654,1.2517146204238707,3.971912138772303,0.023062899412161
8.989999999999999e-05,0.0,3.979406914565987,0.5553062211303834,1.2535095858918657,3.975660424151879,0.0231377592137659
8.999999999999999e-05,0.0,3.9831516083448566,0.5571045252919071,1.2553062211303834,3.979406914565987,0.0232126885538294
9.01e-05,5.0,3.988151608344857,0.5570939740698372,0.0,0.0,0.0232122489195765
9.02e-05,5.0,3.993151608344856,0.5570834230476011,0.0,0.0,0.02321180929365
9.03e-05,5.0,3.998151608344856,0.5570728722251949,0.0,0.0,0.0232113696760497
9.04e-05,5.0,4.003151608344856,0.5570623216026148,0.0,0.0,0.0232109300667756
9.05e-05,5.0,4.008151608344856,0.5570517711798572,0.0,0.0,0.0232104904658273
9.06e-05,5.0,4.013151608344856,0.5570412209569181,0.0,0.0,0.0232100508732049
9.07e-05,5.0,4.018151608344856,0.5570306709337939,0.0,0.0,0.023209611288908
9.08e-05,5.0,4.023151608344856,0.5570201211104807,0.0,0.0,0.0232091717129366
9.09e-05,5.0,4.028151608344856,0.5570095714869748,0.0,0.0,0.0232087321452906
9.1e-05,5.0,4.033151608344856,0.5569990220632725,0.0,0.0,0.0232082925859696
9.11e-05,5.0,4.038151608344855,0.5569884728393697,0.0,0.0,0.0232078530349737
9.12e-05,5.0,4.043151608344855,0.5569779238152629,0.0,0.0,0.0232074134923026
9.13e-05,5.0,4.048151608344855,0.5569673749909482,0.0,0.0,0.0232069739579561
9.14e-05,5.0,4.053151608344855,0.5569568263664219,0.0,0.0,0.0232065344319342
9.15e-05,5.0,4.058151608344855,0.5569462779416801,0.0,0.0,0.0232060949142366
9.16e-05,5.0,4.063151608344855,0.556935729716719,0.0,0.0,0.0232056554048632
9.17e-05,5.0,4.068151608344855,0.5569251816915349,0.0,0.0,0.0232052159038139
9.18e-05,5.0,4.073151608344855,0.556914633866124,0.0,0.0,0.0232047764110885
9.19e-05,5.0,4.078151608344855,0.5569040862404826,0.0,0.0,0.0232043369266867
9.2e-05,5.0,4.083151608344855,0.5568935388146068,0.0,0.0,0.0232038974506086
9.21e-05,5.0,4.088151608344854,0.5568829915884929,0.0,0.0,0.0232034579828538
9.22e-05,5.0,4.093151608344854,0.556872444562137,0.0,0.0,0.0232030185234223
9.23e-05,5.0,4.098151608344854,0.5568618977355355,0.0,0.0,0.0232025790723139
9.24e-05,5.0,4.103151608344854,0.5568513511086844,0.0,0.0,0.0232021396295285
9.25e-05,5.0,4.108151608344854,0.5568408046815801,0.0,0.0,0.0232017001950658
9.26e-05,5.0,4.113151608344854,0.5568302584542187,0.0,0.0,0.0232012607689257
9.27e-05,5.0,4.118151608344854,0.5568197124265964,0.0,0.0,0.0232008213511081
9.28e-05,5.0,4.123151608344854,0.5568091665987096,0.0,0.0,0.0232003819416129
9.29e-05,5.0,4.1281516083448535,0.5567986209705543,0.0,0.0,0.0231999425404397
9.3e-05,5.0,4.133151608344853,0.5567880755421268,0.0,0.0,0.0231995031475886
9.31e-05,5.0,4.138151608344853,0.5567775303134234,0.0,0.0,0.0231990637630593
9.32e-05,5.0,4.143151608344853,0.5567669852844401,0.0,0.0,0.0231986243868516
9.33e-05,5.0,4.148151608344853,0.5567564404551734,0.0,0.0,0.0231981850189655
9.34e-05,5.0,4.153151608344853,0.5567458958256193,0.0,0.0,0.0231977456594008
9.35e-05,5.0,4.158151608344853,0.5567353513957741,0.0,0.0,0.0231973063081572
9.36e-05,0.0,4.161894872993457,0.5586148760785181,1.2567353513957742,4.158151608344853,0.0232756198366049
9.37e-05,0.0,4.165636258117379,0.5604960666481349,1.258614876078518,4.161894872993457,0.0233540027770056
9.38e-05,0.0,4.169375762050731,0.5623789222187442,1.2604960666481348,4.165636258117379,0.0234324550924476
9.39e-05,0.0,4.173113383128512,0.5642634419037252,1.262378922218744,4.169375762050731,0.0235109767459885
9.4e-05,0.0,4.176849119686608,0.5661496248157173,1.2642634419037253,4.173113383128512,0.0235895677006548
9.41e-05,0.0,4.180582970061792,0.56803747006662,1.2661496248157174,4.176849119686608,0.0236682279194424
9.42e-05,0.0,4.184314932591725,0.5699269767675937,1.26803747006662,4.180582970061792,0.0237469573653164
9.43e-05,0.0,4.188045005614958,0.5718181440290603,1.2699269767675938,4.184314932591725,0.0238257560012108
9.44e-05,0.0,4.191773187470929,0.5737109709607029,1.2718181440290603,4.188045005614958,0.0239046237900292
9.45e-05,0.0,4.195499476499968,0.5756054566714669,1.2737109709607028,4.191773187470929,0.0239835606946444
9.46e-05,0.0,4.199223871043297,0.5775016002695602,1.275605456671467,4.195499476499968,0.0240625666778983
9.47e-05,0.0,4.202946369443027,0.5793994008624536,1.2775016002695605,4.199223871043297,0.0241416417026022
9.48e-05,0.0,4.206666970042165,0.581298857556881,1.2793994008624536,4.202946369443027,0.0242207857315367
9.49e-05,0.0,4.210385671184608,0.5831999694588405,1.281298857556881,4.206666970042165,0.0242999987274516
9.5e-05,0.0,4.214102471215149,0.5851027356735937,1.2831999694588403,4.210385671184608,0.0243792806530664
9.51e-05,0.0,4.217817368479476,0.5870071553056674,1.2851027356735938,4.214102471215149,0.0244586314710694
9.52e-05,0.0,4.22153036132417,0.588913227458853,1.2870071553056674,4.217817368479476,0.0245380511441188
9.53e-05,0.0,4.225241448096711,0.5908209512362076,1.288913227458853,4.22153036132417,0.0246175396348419
9.54e-05,0.0,4.228950627145475,0.5927303257400539,1.2908209512362077,4.225241448096711,0.0246970969058355
9.55e-05,0.0,4.232657896819736,0.594641350071981,1.2927303257400538,4.228950627145475,0.0247767229196658
9.56e-05,0.0,4.236363255469663,0.5965540233328447,1.2946413500719811,4.232657896819736,0.0248564176388685
9.57e-05,0.0,4.24006670144633,0.5984683446227678,1.2965540233328443,4.236363255469663,0.0249361810259486
9.58e-05,0.0,4.243768233101707,0.6003843130411407,1.2984683446227678,4.24006670144633,0.0250160130433808
9.59e-05,0.0,4.2474678487886655,0.6023019276866217,1.3003843130411408,4.243768233101707,0.0250959136536092
9.6e-05,0.0,4.251165546860979,0.6042211876571376,1.3023019276866217,4.2474678487886655,0.0251758828190474
9.61e-05,0.0,4.254861325673322,0.6061420920498839,1.3042211876571377,4.251165546860979,0.0252559205020784
9.62e-05,0.0,4.258555183581272,0.6080646399613253,1.306142092049884,4.254861325673322,0.0253360266650552
9.63e-05,0.0,4.262247118941311,0.6099888304871963,1.3080646399613252,4.258555183581272,0.0254162012702998
9.64e-05,0.0,4.265937130110824,0.6119146627225013,1.3099888304871965,4.262247118941311,0.0254964442801042
9.65e-05,0.0,4.269625215448102,0.6138421357615153,1.3119146627225011,4.265937130110824,0.0255767556567298
9.66e-05,0.0,4.27331137331234,0.6157712486977841,1.313842135761515,4.269625215448102,0.0256571353624076
9.67e-05,0.0,4.276995602063642,0.617702000624125,1.315771248697784,4.27331137331234,0.0257375833593385
9.68e-05,0.0,4.280677900063018,0.6196343906326269,1.317702000624125,4.276995602063642,0.0258180996096927
9.69e-05,0.0,4.2843582656723855,0.6215684178146512,1.3196343906326269,4.280677900063018,0.0258986840756104
9.7e-05,0.0,4.2880366972545705,0.6235040812608316,1.3215684178146512,4.2843582656723855,0.0259793367192013
9.71e-05,0.0,4.29171319317331,0.625441380061075,1.3235040812608316,4.2880366972545705,0.0260600575025447
9.72e-05,0.0,4.295387751793249,0.6273803133045617,1.325441380061075,4.29171319317331,0.02614084638769
9.73e-05,0.0,4.2990603714799445,0.6293208800797461,1.3273803133045616,4.295387751793249,0.026221703336656
9.74e-05,0.0,4.302731050599864,0.6312630794743567,1.329320880079746,4.2990603714799445,0.0263026283114315
9.75e-05,0.0,4.30639978752039,0.6332069105753969,1.3312630794743567,4.302731050599864,0.0263836212739748
9.76e-05,0.0,4.310066580609814,0.6351523724691452,1.333206910575397,4.30639978752039,0.0264646821862143
9.77e-05,0.0,4.313731428237345,0.6370994642411559,1.3351523724691452,4.310066580609814,0.0265458110100481
9.78e-05,0.0,4.317394328773104,0.6390481849762593,1.337099464241156,4.313731428237345,0.0266270077073441
9.79e-05,0.0,4.321055280588128,0.6409985337585619,1.3390481849762592,4.317394328773104,0.02670827223994
9.8e-05,0.0,4.324714282054369,0.6429505096714474,1.3409985337585617,4.321055280588128,0.0267896045696436
9.81e-05,0.0,4.328371331544698,0.6449041117975768,1.3429505096714474,4.324714282054369,0.0268710046582323
9.82e-05,0.0,4.332026427432901,0.6468593392188888,1.3449041117975766,4.328371331544698,0.0269524724674537
9.83e-05,0.0,4.335679568093681,0.6488161910166004,1.3468593392188888,4.332026427432901,0.027034007959025
9.84e-05,0.0,4.339330751902665,0.6507746662712071,1.3488161910166003,4.335679568093681,0.0271156110946336
9.85e-05,0.0,4.342979977236394,0.6527347640624834,1.350774666271207,4.339330751902665,0.0271972818359368
9.86e-05,0.0,4.346627242472331,0.6546964834694836,1.3527347640624834,4.342979977236394,0.0272790201445618
9.87e-05,0.0,4.350272545988862,0.6566598235705416,1.3546964834694837,4.346627242472331,0.0273608259821059
9.88e-05,0.0,4.353915886165291,0.658624783443272,1.3566598235705416,4.350272545988862,0.0274426993101363
9.89e-05,0.0,4.357557261381848,0.6605913621645698,1.358624783443272,4.353915886165291,0.0275246400901904
9.9e-05,0.0,4.361196670019683,0.6625595588106115,1.3605913621645698,4.357557261381848,0.0276066482837754
9.91e-05,0.0,4.3648341104608726,0.6645293724568551,1.3625595588106114,4.361196670019683,0.0276887238523689
9.92e-05,0.0,4.368469581088416,0.6665008021780408,1.364529372456855,4.3648341104608726,0.0277708667574183
9.93e-05,0.0,4.372103080286237,0.6684738470481912,1.3665008021780407,4.368469581088416,0.0278530769603413
9.94e-05,0.0,4.375734606439189,0.6704485061406121,1.3684738470481912,4.372103080286237,0.0279353544225255
9.95e-05,0.0,4.379364157933049,0.6724247785278924,1.3704485061406122,4.375734606439189,0.0280176991053288
9.96e-05,0.0,4.382991733154521,0.674402663281905,1.3724247785278925,4.379364157933049,0.0281001109700793
9.97e-05,0.0,4.386617330491239,0.676382159473807,1.3744026632819049,4.382991733154521,0.0281825899780752
9.98e-05,0.0,4.3902409483317655,0.6783632661740402,1.376382159473807,4.386617330491239,0.028265136090585
9.99e-05,0.0,4.393862585065591,0.6803459824523317,1.37836326617404,4.3902409483317655,0.0283477492688471
